,features,r2_train,r2_test,totals_effect,nonlinear,interactions,rho_X,int_X,rho_U,int_U,N,cos_sim,cos_sim_rand
0,10,0.2905713970530056,-0.47030038899186977,0.25,0,1,0.0,1,0.0,2,100,0.6271948647671033,0.6163859557425525
1,5,0.3499359831123673,-0.31388727350026,0.5,3,2,0.5,1,0.5,2,100,0.33989858626579683,0.303671229189728
2,10,0.8568671598095512,-0.23368874954955943,0.75,0,0,0.5,1,0.0,2,30,0.5567783935812184,0.19903967861726982
3,2,0.5265208401983879,-3.234238702085295,0.25,0,1,0.5,1,0.0,2,50,0.9948701703975629,0.9979281590793591
4,5,0.7718418702151782,0.6338610983663064,0.75,0,0,0.5,1,0.5,2,50,0.9713259482413166,0.5979963571684959
5,5,0.7247380532691832,0.8217221349856182,0.5,3,0,0.5,1,0.5,2,30,0.9502070238557502,0.3985259103433557
6,10,0.6990492316789221,-1.088921310161977,0.25,3,2,0.5,1,0.0,2,30,0.7764844937087486,0.5809283118683357
7,5,0.6019030264907235,-0.06754572100601464,0.75,1,2,0.5,1,0.0,2,100,0.47419089720711344,0.23652394265836818
8,5,0.7240542746295513,0.053202947789227184,0.25,1,0,0.5,1,0.5,2,30,0.36063470323151087,0.2516928171297805
9,5,0.6504751018271027,0.08322921419929741,0.25,1,1,0.5,1,0.5,2,30,0.6358156071656149,0.5547109763694186
10,10,0.8275367929206079,0.5935093117189365,0.5,1,0,0.5,1,0.5,2,30,0.9722412358203021,0.2175902953540339
11,10,0.38267546040177103,-0.27864519144976185,0.25,1,2,0.5,1,0.5,2,100,0.4236996529203527,0.4879424712580147
12,5,0.46640559771443024,0.11753612822972614,0.5,3,2,0.5,1,0.5,2,100,0.6399255450065225,0.7383105584960675
13,10,0.4991087430413419,0.1976132279158369,0.5,1,2,0.5,1,0.5,2,100,0.5804737364820077,0.7149159208231731
14,5,0.6867568775598929,0.5817932505702703,0.25,1,0,0.5,1,0.5,2,30,0.3611609055866071,0.8359660471338825
15,10,0.7512065501132738,-3.163349180488514,0.5,0,2,0.5,1,0.5,2,30,0.49813549302060817,0.425083118905875
16,5,0.5507500871700293,0.4124770708291844,0.25,1,1,0.5,1,0.5,2,50,0.8250963277349466,0.7857629168981379
17,10,0.3257482852215242,-0.05305265308604423,0.25,1,2,0.0,1,0.0,2,100,0.27291243575605245,0.8397201127931293
18,10,0.5144396885866265,0.4280744763547294,0.5,0,2,0.5,1,0.5,2,100,0.6899192518856297,0.7956278349235208
19,5,0.7540237275122901,0.3151144786560378,0.5,1,0,0.5,1,0.5,2,50,0.7024519436158724,0.7409219895842315
20,10,0.7567604020055433,-0.7724642304539078,0.75,0,1,0.5,1,0.5,2,30,0.5981105030288123,0.20314300912629493
21,5,0.749254973149663,-0.26610179524961564,0.75,1,1,0.0,1,0.5,2,50,0.6944658850454787,0.4021213988205659
22,2,0.7884914061947431,0.31571930814189697,0.75,0,0,0.0,1,0.5,2,50,0.9926623059156083,0.6160136034794886
23,10,0.6330703638241323,0.49128082909320725,0.5,0,2,0.0,1,0.5,2,30,0.7222167633339656,0.23454199229899533
24,5,0.49753786658756194,-0.672557435209536,0.5,3,1,0.0,1,0.5,2,50,0.7695265954360574,0.8213517216919063
25,5,0.7745016658487148,0.642572698222301,0.75,0,1,0.5,1,0.5,2,50,0.9381594628474677,0.5291456221716859
26,5,0.6355898975777654,-1.2670166205814843,0.25,1,1,0.5,1,0.5,2,50,0.3803392869904122,0.886747969340158
27,5,0.7122428951500586,-1.5018350719055733,0.5,1,2,0.5,1,0.5,2,50,0.4801838742325282,0.3539055444243908
28,10,0.3554924242572788,0.3591879140594708,0.5,0,0,0.5,1,0.5,2,100,0.8602654479650523,0.28369401080471274
29,5,0.36324192622900175,0.00274255360435538,0.5,3,1,0.5,1,0.0,2,100,0.8159230824496357,0.8826846414367313
30,2,0.7821333856964523,0.30686567711413704,0.75,0,1,0.5,1,0.5,2,30,0.8909334586014265,0.9703902545615241
31,5,0.5656786195381036,-0.43236047271712996,0.25,1,1,0.0,1,0.0,2,50,0.2942732372674126,0.5234832167761275
32,2,0.3142474675860164,-0.26898990424491753,0.5,1,0,0.5,1,0.5,2,30,0.690902268930729,0.3990158526720722
33,2,0.798120086644624,0.7653273883914529,0.75,0,1,0.5,1,0.5,2,100,0.990365971377453,0.725901502613721
34,5,0.16638542218181174,-0.8077915685269761,0.25,3,0,0.5,1,0.0,2,100,0.0981740957256634,0.46787923761009564
35,10,0.616361627843484,0.5790685677610249,0.5,1,1,0.5,1,0.0,2,30,0.540286657002079,0.7187936738127135
36,5,0.6377657614625805,-0.06107335755245513,0.5,3,0,0.5,1,0.0,2,30,0.8276450199131659,0.32779324354306644
37,10,0.37302515237364164,0.14166278695926382,0.25,3,1,0.0,1,0.0,2,100,0.2930522197113441,0.5411103091890147
38,5,0.1940037922168284,0.005293849704192888,0.25,0,2,0.5,1,0.0,2,100,0.8298185719864325,0.3952709989115305
39,5,0.5583462259810272,-0.7892659781874871,0.5,3,2,0.5,1,0.0,2,50,0.8805819730414135,0.8407226356535193
40,10,0.455372435783702,0.4402719117500945,0.5,3,0,0.5,1,0.0,2,100,0.577907605348152,0.20489081513352703
41,5,0.5506763252628579,0.36901773769026724,0.5,0,2,0.5,1,0.5,2,100,0.740967769769211,0.6328720635180948
42,10,0.5972097033619876,-0.9539153860725595,0.25,3,0,0.0,1,0.5,2,30,0.8138024427949403,0.7145049464903603
43,10,0.6758424064876891,-0.8887128222494016,0.75,3,2,0.5,1,0.0,2,50,0.8195730263215487,0.42712440833707194
44,5,0.5609363747777292,-0.24200235057159736,0.5,1,2,0.5,1,0.0,2,30,0.8493837571396414,0.899297415417632
45,5,0.7815911279001313,-0.041049351922730626,0.75,1,0,0.5,1,0.5,2,30,0.9251174639215956,0.11858513411892269
46,2,0.3389224410101177,-0.5147313003835183,0.5,1,0,0.5,1,0.5,2,50,0.9821474500812001,0.6752749300227697
47,5,0.7491755510819427,0.7145865671769509,0.5,0,0,0.5,1,0.5,2,30,0.7870510056474591,0.4812714307858618
48,10,0.6308508544350202,0.3698729946039071,0.5,1,1,0.0,1,0.0,2,50,0.3125436922071426,0.791579709467129
49,5,0.6197157592057161,0.374133952510476,0.75,1,1,0.5,1,0.0,2,100,0.9345053329155008,0.2045398616987381
50,2,0.7372406290376199,0.8370899080367304,0.75,0,1,0.0,1,0.5,2,100,0.8704428273148852,0.7099603140498512
51,5,0.35967377149159374,-0.9218495915320499,0.5,3,0,0.0,1,0.0,2,50,0.6384636992342397,0.5518169335493032
52,2,0.5220210867164841,0.5640468702267554,0.5,1,1,0.5,1,0.5,2,100,0.8277558937391645,0.8661669511248913
53,10,0.6383226721045654,-5.254150412683037,0.5,1,2,0.5,1,0.5,2,50,0.6463053901440107,0.14745888927219022
54,10,0.5201426386855743,-0.4326889999550063,0.25,3,2,0.5,1,0.0,2,50,0.3451006565550535,0.3529479060877384
55,5,0.413003119806042,-0.27389871682476574,0.5,3,0,0.0,1,0.5,2,100,0.6152218501936922,0.16366010775155823
56,2,0.71998900987847,-9.623787694178404,0.5,0,1,0.5,1,0.0,2,30,0.994027420328082,0.833877847050798
57,5,0.6255028602185764,-4.250237530709329,0.25,0,1,0.5,1,0.0,2,30,0.2927954058583334,0.3983623005236601
58,10,0.5528578080752562,-7.238706487511497,0.25,3,0,0.0,1,0.5,2,30,0.5380514678576418,0.47482796662037735
59,10,0.6478623487882624,0.4914402220853781,0.5,0,2,0.0,1,0.5,2,50,0.9036674086720433,0.9148738175475912
60,5,0.6527042953368521,-6.020166939675962,0.25,1,1,0.0,1,0.5,2,50,0.510292321229458,0.9194196721400907
61,5,0.6367672141082515,-3.3354536701627744,0.25,3,2,0.5,1,0.5,2,30,0.3831024769723637,0.28118833142288013
62,10,0.8323704470185602,0.7842996202899698,0.75,3,0,0.5,1,0.5,2,50,0.23277299459328546,0.1043375502598415
63,10,0.6513911093333089,-0.2998136933010864,0.5,1,0,0.5,1,0.0,2,30,0.7215727337441746,0.3463056436332195
64,2,0.7362598199964903,0.4771944964842141,0.75,1,1,0.5,1,0.5,2,50,0.8683524086189207,0.15938458850501552
65,2,0.22382971718434796,-0.03369691574044986,0.25,0,0,0.0,1,0.5,2,100,0.7793348438530434,0.9841840075172218
66,5,0.7089384566701913,-0.7346383008037358,0.25,1,1,0.0,1,0.0,2,30,0.37101853683003316,0.41377737074779736
67,10,0.6966091535642203,0.2958341523900586,0.75,1,2,0.5,1,0.5,2,30,0.6614004706404042,0.5467318064488765
68,10,0.6646842431926018,-0.7255279388265332,0.75,0,1,0.0,1,0.5,2,50,0.8624825396550682,0.4991070647066623
69,5,0.41454846423594827,-0.08915789531043106,0.75,1,2,0.5,1,0.5,2,100,0.9678712792617219,0.7387552710731297
70,5,0.4745081144151564,0.13645366531087466,0.5,3,2,0.0,1,0.0,2,100,0.931941570515851,0.5943153061035381
71,5,0.7242248289595783,0.5920868382315794,0.5,3,0,0.0,1,0.5,2,30,0.9737278763108211,0.05496505983863786
72,5,0.8131260755358023,0.4926377183099222,0.75,3,0,0.0,1,0.5,2,100,0.9793164391010072,0.07864793844721914
73,5,0.7424640506877801,0.11939459237398531,0.75,0,0,0.5,1,0.0,2,50,0.9657781311453523,0.12262609440255591
74,5,0.5838901503820562,-0.45410476145608314,0.25,0,2,0.5,1,0.0,2,30,0.7101347320690546,0.8090932526430141
75,10,0.771126022839085,0.21421342978920277,0.5,3,1,0.5,1,0.5,2,50,0.5779857067080273,0.5592097616340801
76,10,0.758307651756337,-0.9396892060448834,0.5,0,2,0.5,1,0.5,2,30,0.7209596379497656,0.1984431000290083
77,10,0.6253775897357026,0.32808310165093835,0.75,3,2,0.0,1,0.0,2,100,0.7680260819629362,0.36009556280755517
78,10,0.5640667319975015,0.295623760300882,0.5,1,1,0.5,1,0.5,2,100,0.8285927209596797,0.23270454803197413
79,5,0.4864265593518978,-0.6072437962923782,0.5,1,2,0.0,1,0.5,2,50,0.832360643216549,0.596081005142981
80,10,0.61963939026441,0.36960361145724197,0.75,3,1,0.5,1,0.5,2,100,0.6061242253123698,0.2660938563535719
81,5,0.649035052511109,-0.6794783222651539,0.75,0,1,0.0,1,0.5,2,50,0.9072359993668268,0.23389577613115692
82,10,0.7271389059946768,0.030769940677295327,0.5,3,0,0.5,1,0.5,2,50,0.8171730032458584,0.47686947905365235
83,10,0.5162500773636893,0.020270484396662236,0.5,0,2,0.5,1,0.5,2,100,0.24615769801128778,0.49927164185186085
84,5,0.7014447815556597,-0.8912579314799423,0.5,1,1,0.5,1,0.0,2,50,0.7646485127890691,0.9395611726650419
85,10,0.5466167736812255,0.2963204856588503,0.5,1,2,0.5,1,0.5,2,100,0.6666997294103112,0.7964309587339985
86,5,0.532758912836506,0.2509371981820927,0.75,1,2,0.5,1,0.5,2,100,0.955130595456871,0.5493485125364915
87,5,0.20094601678717472,-0.0025874275883868147,0.25,3,1,0.5,1,0.0,2,100,0.9674895895135456,0.13117735575740622
88,5,0.48604760889727383,-0.12062473290483156,0.5,3,0,0.0,1,0.0,2,50,0.773719982013055,0.3819251505764444
89,2,0.5373719480399957,0.37617391310785797,0.75,1,1,0.5,1,0.5,2,50,0.8908713363634796,0.9277022678719314
90,5,0.7130421283751978,0.6396869526002912,0.75,1,0,0.0,1,0.5,2,50,0.9774766270618112,0.2237045369753297
91,10,0.68043311921878,-3.419447088190428,0.5,3,0,0.5,1,0.5,2,50,0.6825670357663495,0.23596396008479792
92,5,0.43549580880220484,0.1896311935016578,0.5,0,2,0.0,1,0.5,2,50,0.6607169862791599,0.6077787718486815
93,10,0.6119291050361708,-0.07472735076803239,0.25,1,1,0.5,1,0.5,2,50,0.3900159397577543,0.313103200858822
94,5,0.766440110610239,0.2096923063096654,0.5,0,0,0.0,1,0.0,2,30,0.6369396852835457,0.8299960429987735
95,10,0.6439103330283871,0.45887401820730933,0.75,1,0,0.5,1,0.0,2,100,0.7428404765818158,0.21053926437199283
96,10,0.6555412713193882,0.2930731401943977,0.75,1,2,0.0,1,0.5,2,30,0.5891558882090493,0.6504382963859277
97,2,0.28514370768897934,-0.5908176892764212,0.25,1,0,0.5,1,0.5,2,100,0.925624148357183,0.9290057411612388
98,5,0.4012183290436995,-1.2088538373864872,0.25,3,2,0.5,1,0.0,2,50,0.7765405902933308,0.6204091055914885
99,5,0.7698654898329662,-9.354113919120069,0.5,0,2,0.0,1,0.0,2,30,0.6875110424445864,0.5122791706079434
100,10,0.6990504814320615,-0.38837676633421747,0.5,1,1,0.5,1,0.5,2,30,0.7863926558625391,0.38988381773517217
101,2,0.23039724262316896,0.3553859923075715,0.25,0,0,0.0,1,0.5,2,100,0.7779383454233855,0.5487226200929702
102,10,0.760080310216742,0.5021527588741717,0.5,1,2,0.5,1,0.5,2,30,0.7260369231279754,0.42729971419318946
103,10,0.7416490048796451,-0.15928428305280007,0.5,3,2,0.5,1,0.5,2,30,0.20624184576999058,0.37630798282038724
104,10,0.39718974718202193,0.18937353086186548,0.5,1,2,0.5,1,0.0,2,100,0.45463527790126196,0.6905063865062991
105,5,0.32458712945186974,0.3271812249649685,0.5,3,2,0.0,1,0.0,2,100,0.8053272831786483,0.12173353563110854
106,5,0.6077886383621456,0.21760131084209577,0.5,1,2,0.0,1,0.5,2,30,0.8383990556854782,0.5070204588979976
107,10,0.7171056826503113,-1.0264235712502043,0.25,1,2,0.0,1,0.5,2,30,0.7317439816717072,0.2744002654110215
108,5,0.4689867314323699,-0.032640231070093284,0.75,3,1,0.5,1,0.5,2,100,0.7831856324424492,0.7062241080562838
109,5,0.6694338074477777,0.7294856637174605,0.75,0,2,0.5,1,0.5,2,100,0.7526937593029507,0.42374673763543297
110,10,0.4850004574687058,0.18321378872760996,0.25,1,0,0.5,1,0.5,2,100,0.6970730723015142,0.666319169954202
111,5,0.581842085499596,0.2607483484564934,0.5,3,0,0.5,1,0.5,2,50,0.9501732803894941,0.23615054285567394
112,10,0.6470068992116075,0.5750013036845358,0.75,3,2,0.5,1,0.5,2,100,0.511107352305858,0.2410494696606996
113,10,0.7274264187396404,0.5095557030039799,0.75,0,1,0.5,1,0.5,2,50,0.21717920878726282,0.16867988242832724
114,2,0.19443827568897043,-1.3228021987833616,0.25,1,0,0.5,1,0.0,2,50,0.5640760747051,0.9523299059761361
115,5,0.5361805754852892,0.06880751549593211,0.25,0,2,0.5,1,0.5,2,100,0.15954440051329982,0.22356299767998145
116,2,0.7829875018824498,0.6771779401056206,0.75,0,0,0.5,1,0.0,2,50,0.9999949987370389,0.14259033559907575
117,10,0.7166441626601989,0.3989597529185883,0.25,3,1,0.5,1,0.5,2,30,0.202898229982011,0.3972137260815291
118,2,0.41295404972205885,0.11622080632097731,0.5,1,0,0.5,1,0.0,2,50,0.4858186516787506,0.9954023324916407
119,5,0.7502952101547826,0.32379152060409244,0.75,0,1,0.0,1,0.0,2,50,0.9749260643057885,0.6147516395180507
120,5,0.638061517441107,0.3476118253070125,0.5,0,1,0.5,1,0.0,2,50,0.5587404991421383,0.40538370551512964
121,5,0.610300370676114,0.3458723625219706,0.5,3,0,0.5,1,0.5,2,50,0.6195362090705098,0.24721409447635412
122,10,0.6658059513598344,0.27253563399944836,0.75,3,0,0.5,1,0.5,2,30,0.29948997678784184,0.20524046174990315
123,10,0.7269812456820077,-0.8196601386494216,0.25,3,2,0.0,1,0.5,2,30,0.4552955467776963,0.8869861273776015
124,10,0.4027060722290128,0.24581827356884478,0.25,0,2,0.5,1,0.5,2,100,0.39123800610219694,0.47400390887768196
125,2,0.36735975996455295,0.5497954178143253,0.25,1,0,0.5,1,0.5,2,100,0.9999927196397573,0.8888807161033846
126,10,0.6252058431530909,0.5925209172066892,0.75,1,0,0.5,1,0.5,2,100,0.9438706999938564,0.10791178702300007
127,10,0.7154260233253056,0.42018144583917016,0.75,1,2,0.5,1,0.0,2,30,0.6728433237401655,0.1995302525008708
128,5,0.74711150278556,-0.06277425643339174,0.5,3,0,0.5,1,0.5,2,30,0.2709572971573651,0.46632562022925145
129,5,0.7876936512073829,0.04551504380079796,0.5,0,1,0.5,1,0.5,2,30,0.7709490071704282,0.6532874767505849
130,10,0.5079546558936564,-0.08708112548327995,0.25,0,1,0.0,1,0.0,2,50,0.6051427309231902,0.3254596781789964
131,5,0.2998755981130563,0.1371668108819365,0.25,1,2,0.0,1,0.5,2,100,0.6364102645971793,0.6145910577828116
132,2,0.517040913458535,-1.5366767707241036,0.25,1,1,0.0,1,0.5,2,30,0.9928714811389351,0.9680525068146724
133,5,0.7572509117174626,0.563763922570858,0.75,1,0,0.5,1,0.5,2,50,0.9249248899126721,0.9352597798793691
134,5,0.5050285880415699,0.47628299836969545,0.5,1,1,0.5,1,0.5,2,100,0.9469825910669762,0.4700727291578413
135,5,0.6835893223862768,0.7328034681606062,0.75,0,0,0.0,1,0.0,2,50,0.9261443065556151,0.8897909388194534
136,5,0.43272108385619223,-0.46644245591422884,0.25,3,0,0.5,1,0.0,2,30,0.28280382846102886,0.5917761851737453
137,5,0.6500483291582215,-133.13656989104194,0.5,0,1,0.5,1,0.5,2,30,0.6427172563671482,0.8507402014018048
138,5,0.4381644988610952,-1.1365424010266638,0.25,1,2,0.0,1,0.5,2,50,0.7668163960471507,0.3620078181792313
139,10,0.4743189951029142,0.013462723580665803,0.5,1,0,0.5,1,0.0,2,100,0.8549727547747202,0.5110770680826413
140,10,0.7620639735685788,-0.3206149791329256,0.5,1,1,0.5,1,0.0,2,30,0.5955684938399799,0.14295034608218943
141,5,0.57447922813861,-1.2665086355939157,0.25,1,2,0.5,1,0.5,2,50,0.7669870099782665,0.7704253128652204
142,5,0.8814271323332714,0.3929639082380386,0.75,1,0,0.5,1,0.0,2,30,0.9857684536377702,0.46902383090103167
143,10,0.6765470218931822,-0.32927837712091623,0.5,0,2,0.5,1,0.5,2,30,0.11080642408356633,0.022033981430985013
144,2,0.5229128020043428,-0.24783574077348458,0.25,1,1,0.0,1,0.0,2,30,0.9347997573949652,0.933210860753288
145,5,0.5972332999272731,-1.426340332740116,0.25,0,2,0.5,1,0.5,2,30,0.5807783194810937,0.31021718702896933
146,5,0.3788240986148832,-1.0975607030329022,0.25,1,0,0.5,1,0.0,2,50,0.29446028630281984,0.9605856733636469
147,10,0.7865512762152934,-10.712235869759779,0.75,1,2,0.5,1,0.5,2,30,0.6129866263779311,0.24717175505216696
148,2,0.3638828733217304,0.17718527624187475,0.25,1,1,0.5,1,0.5,2,100,0.8978578793567366,0.984010247039219
149,5,0.5459920697262477,0.15770630673755792,0.5,1,1,0.5,1,0.0,2,100,0.7680283337577589,0.48554471700431645
150,10,0.5495366566061642,-0.37734679642732694,0.25,3,1,0.5,1,0.5,2,100,0.4211592365420452,0.5723159177686377
151,5,0.5007510622111806,-0.2807539302508901,0.25,3,1,0.5,1,0.0,2,50,0.23672461997863453,0.7260901132193155
152,10,0.5516363904031507,-0.6035396166511702,0.75,1,1,0.5,1,0.5,2,100,0.5986956057193276,0.4443561084460459
153,10,0.5488564300190869,-0.09480896475703782,0.25,1,2,0.5,1,0.0,2,50,0.3963421090063858,0.8276063493597899
154,2,0.5531851201945324,-1.6977674868846484,0.5,0,1,0.5,1,0.5,2,50,0.9824636419492846,0.4982604776336056
155,5,0.8431300053607045,-0.28149787375012925,0.75,3,1,0.0,1,0.5,2,30,0.8079583133851823,0.13744439419840707
156,5,0.6485383082744232,0.5296886712361241,0.5,1,2,0.5,1,0.5,2,30,0.678470576426333,0.3750968662883366
157,5,0.6620133759902327,-3.60571367120762,0.5,0,1,0.5,1,0.5,2,30,0.48262040275423407,0.13106442234478996
158,10,0.6980442040809136,-0.2706200166017696,0.25,1,0,0.0,1,0.5,2,30,0.4024718653739679,0.6209904225997802
159,10,0.6829981912532883,-0.4420580600175785,0.75,1,2,0.5,1,0.5,2,50,0.654016807322753,0.8930195238582119
160,5,0.4157909194842184,-0.041590726273852185,0.5,1,2,0.0,1,0.5,2,100,0.9438085376404874,0.369964442058358
161,5,0.5119270291549524,-0.1465793243243827,0.5,0,1,0.5,1,0.5,2,50,0.8103226712544148,0.4219963643281929
162,5,0.39191419673527006,0.44623147980436084,0.5,1,0,0.5,1,0.5,2,100,0.9577372251733772,0.03971862433153182
163,10,0.7979968806587664,-1.1829802612260858,0.5,0,1,0.5,1,0.0,2,30,0.38013095675356584,0.1531882035568846
164,5,0.5867233389098825,-0.44305517585503473,0.25,0,2,0.5,1,0.5,2,50,0.4103605284338923,0.8549049601007429
165,2,0.4453139252320305,-0.5400842423539212,0.25,1,0,0.5,1,0.5,2,30,0.6587805833105584,0.6806776327930717
166,10,0.7670249848263853,-4.921849740887159,0.75,0,0,0.5,1,0.5,2,30,0.7244231658883502,0.5566630122508799
167,5,0.753108394293929,-0.12457365379586616,0.5,1,0,0.0,1,0.5,2,30,0.8307426205727395,0.48444873637483576
168,10,0.5934414486287327,-0.04115465919927397,0.25,1,1,0.5,1,0.5,2,100,0.6288371371333252,0.36874987595413794
169,5,0.5700552480817522,-1.7923309988910523,0.25,0,0,0.0,1,0.5,2,50,0.5091119590356981,0.405937255585164
170,2,0.76166027088615,0.0008895853828662093,0.75,1,1,0.5,1,0.5,2,30,0.9666691397415227,0.7402450525334919
171,5,0.5838150046111756,-5.62893163256086,0.25,0,0,0.0,1,0.5,2,30,0.8352507598095917,0.5815485499837857
172,5,0.7888580979623663,0.5565912556042976,0.75,1,0,0.0,1,0.5,2,100,0.9563997605626817,0.9557934002871871
173,10,0.6038451473425792,-0.16435842166872017,0.25,3,0,0.0,1,0.0,2,50,0.7565403930852248,0.5400224846791691
174,2,0.43778916555985337,0.17698257742084655,0.25,1,0,0.0,1,0.5,2,50,0.9990796010691689,0.7058199035964213
175,10,0.7602862535139805,0.5472429007067992,0.75,1,1,0.5,1,0.5,2,50,0.7475491873890923,0.15041814243295104
176,10,0.6822953298001819,-1.094477224849689,0.5,3,0,0.0,1,0.0,2,30,0.7566316047116065,0.5781042440862928
177,10,0.786902036772011,-0.758014505109001,0.75,1,0,0.5,1,0.0,2,30,0.6496565821354902,0.8276438913203785
178,10,0.6668847480196901,0.3109041814755207,0.75,3,1,0.0,1,0.5,2,100,0.693244167628301,0.5455013094941302
179,5,0.8026805990121226,-0.8492426571726852,0.75,3,0,0.5,1,0.5,2,30,0.6351661785421,0.18187231647343638
180,10,0.6588241842673057,0.5447192727809502,0.25,3,1,0.5,1,0.5,2,50,0.22984892822053016,0.7049887063058133
181,10,0.6812860087798241,0.6155317224648867,0.5,1,0,0.5,1,0.5,2,50,0.31552448109619524,0.40977646631155307
182,2,0.49487099177693583,0.6621660862173249,0.5,1,0,0.0,1,0.0,2,100,0.999200217175057,0.943749810189573
183,5,0.552985887738493,-0.45146084262465713,0.25,1,0,0.5,1,0.0,2,50,0.23833637307675967,0.6415378760313419
184,5,0.822399434009581,0.40160336676307107,0.5,3,2,0.5,1,0.5,2,30,0.42230632982574406,0.09719019190780288
185,5,0.6527987732404336,-4.874773375927047,0.25,3,0,0.5,1,0.0,2,30,0.3290512230060469,0.8139667440162579
186,5,0.5094228143358515,-0.7482152044372956,0.25,0,2,0.5,1,0.5,2,50,0.7769134394956042,0.13870154252738107
187,5,0.685494839848223,0.40801860237574716,0.75,0,2,0.0,1,0.0,2,30,0.753571289082396,0.3991142845258079
188,10,0.3568730119862117,-0.3969070216461643,0.25,0,0,0.5,1,0.5,2,100,0.8327833441536883,0.7766728675276756
189,10,0.35632321339640083,0.1523536590631922,0.25,3,0,0.5,1,0.5,2,100,0.16721328317673032,0.1473338108787138
190,2,0.6377330603999568,0.2023079648171643,0.75,1,1,0.0,1,0.0,2,50,0.9792984836578696,0.6670054304453158
191,2,0.4660758752084342,-1.5148609416856602,0.25,0,0,0.5,1,0.5,2,50,0.9970716352135921,0.9750659947582696
192,5,0.536855790133664,0.37188754800540436,0.5,1,0,0.0,1,0.0,2,100,0.9767208835826059,0.811695756320038
193,2,0.4333906425717673,-0.1680807231888004,0.25,0,1,0.5,1,0.5,2,30,0.99893609431711,0.6031189770296238
194,10,0.6711459608378254,-0.0031523119235132846,0.25,1,2,0.0,1,0.5,2,30,0.7585393403700076,0.5808190954149234
195,2,0.2979702143285393,0.30745450178128975,0.25,1,1,0.5,1,0.5,2,100,0.9016332974698943,0.4059972232149868
196,5,0.5543232444077311,0.07233348257695493,0.5,1,1,0.5,1,0.5,2,100,0.8842256114949568,0.7878848255402691
197,5,0.7218203223063202,-7.706180327772792,0.5,1,2,0.5,1,0.5,2,30,0.9872450400268804,0.7455055549287747
198,10,0.6708273226951996,-7.668894857131285,0.5,1,1,0.0,1,0.0,2,30,0.5983591686116383,0.22679782025619544
199,5,0.6108195461696826,0.1719530880057747,0.25,0,2,0.5,1,0.5,2,50,0.7039368539364962,0.31190817859143904
200,2,0.641467691214145,0.28775440944544217,0.5,0,1,0.5,1,0.5,2,50,0.9142889285391042,0.8254143393570583
201,10,0.7726971271591729,-0.3002143329929996,0.5,3,0,0.5,1,0.5,2,30,0.27526053768941017,0.8428546840914183
202,5,0.6369742738132983,0.7933726595437056,0.75,3,0,0.5,1,0.5,2,30,0.3762415835014773,0.538628426747204
203,5,0.5830334764295431,-2.850799660093735,0.5,3,1,0.5,1,0.0,2,50,0.9631192393440419,0.5647619462926949
204,5,0.8865444627605527,0.7818707046314503,0.75,1,1,0.5,1,0.0,2,30,0.9884263276266031,0.46389675628285615
205,5,0.5725404837846191,-0.48638804280136205,0.5,3,1,0.5,1,0.0,2,50,0.9862593602747265,0.5766272803814837
206,10,0.6906205087307258,0.18179114425014575,0.75,0,0,0.5,1,0.5,2,100,0.9083275432163931,0.4832963917415474
207,5,0.7722608099780116,-0.689781984502635,0.75,0,2,0.5,1,0.5,2,30,0.934981254632104,0.5375150233233393
208,5,0.7349371356052993,0.6493610876830317,0.25,0,1,0.5,1,0.5,2,30,0.30094368368758745,0.8258195833072665
209,5,0.22335972845200025,-0.0732367937772096,0.25,0,0,0.0,1,0.5,2,100,0.9623474946263731,0.48046020865804123
210,10,0.4153785245340246,0.3992362091862557,0.5,3,1,0.5,1,0.0,2,100,0.6408955515219437,0.3533645434638806
211,5,0.17253405578089742,-0.18057036735139853,0.25,0,2,0.5,1,0.0,2,100,0.7821834984381941,0.5279285497071261
212,10,0.6962453913023519,0.46699881948540933,0.75,0,2,0.0,1,0.5,2,30,0.4588847052574349,0.36974278282368156
213,2,0.44202126147964116,0.2369930469308742,0.25,0,1,0.0,1,0.0,2,30,0.9393884123977438,0.9608988391420242
214,5,0.7673453169473822,0.4708664669457442,0.75,3,1,0.5,1,0.5,2,30,0.9085932859587579,0.17935072493802479
215,5,0.8439142164042231,0.8361811815606374,0.75,3,0,0.5,1,0.5,2,50,0.9632872989457718,0.28314816796402636
216,5,0.5475460630410416,-0.09506220043027436,0.5,1,2,0.0,1,0.5,2,100,0.6105471471693782,0.10499395444570682
217,5,0.6407988381845726,0.23729562882892719,0.25,0,1,0.5,1,0.5,2,30,0.21603923279136517,0.4877552178835719
218,2,0.7964031062677728,0.6741414465879036,0.75,1,1,0.5,1,0.5,2,50,0.9570354450415317,0.7412117038446224
219,5,0.10331797922232833,-0.09226617511299229,0.25,0,2,0.0,1,0.5,2,100,0.8864588292774317,0.743246400519341
220,5,0.651555155877316,0.11553001967443499,0.25,3,1,0.0,1,0.0,2,30,0.263367494296439,0.5906704986796055
221,10,0.4711007529943544,-0.01032455761012474,0.5,3,1,0.5,1,0.5,2,100,0.8525668824675644,0.6340683962456216
222,5,0.6946531626444454,-0.1573220975299603,0.5,3,0,0.0,1,0.0,2,30,0.982777962265709,0.544632481656459
223,5,0.7200767289804868,0.6989352063554142,0.75,1,0,0.5,1,0.5,2,100,0.8119601464380543,0.46029182060844426
224,5,0.5585020192584456,0.3139891136296519,0.5,0,2,0.0,1,0.0,2,50,0.9443414658728455,0.7779662847498849
225,5,0.5100834158370153,0.12408823471507857,0.25,0,1,0.5,1,0.5,2,50,0.9441613777295677,0.7681346554785466
226,5,0.8030161553524597,0.1685635937920147,0.75,1,1,0.5,1,0.5,2,30,0.9630372811661867,0.18689913647159603
227,10,0.46179482101000446,0.13890552293169578,0.75,0,2,0.0,1,0.0,2,100,0.2722543605759975,0.15185557341969907
228,10,0.4731899723381474,-0.7013891205702347,0.5,3,2,0.0,1,0.5,2,100,0.6245814194902621,0.5468098565823808
229,5,0.7182116198901423,-1.0719410257098354,0.5,1,1,0.0,1,0.0,2,30,0.7742167556057706,0.9079994403309694
230,10,0.7623069034171747,-8.389149693956355,0.75,3,2,0.5,1,0.0,2,30,0.6141063678250824,0.10297862415256007
231,2,0.4357169414799984,-33.150437770078135,0.5,1,1,0.5,1,0.0,2,30,0.9975381951018538,0.8905352343257935
232,2,0.21438279775641167,-0.48660797347121276,0.25,0,0,0.5,1,0.5,2,100,0.9998338087395078,0.9070173147929321
233,10,0.6387920811814433,0.46937724329492925,0.5,0,0,0.0,1,0.5,2,30,0.8828905137056277,0.30215742361089176
234,10,0.7062563290612185,0.11372304269217448,0.25,3,1,0.5,1,0.5,2,50,0.2353491542265057,0.6357122888908655
235,10,0.6163579192779887,0.45525109566843835,0.75,1,2,0.5,1,0.0,2,100,0.7274849522601734,0.15038713360324235
236,10,0.3032318511643136,-0.14404572147836014,0.25,3,1,0.0,1,0.0,2,100,0.7077877502667649,0.3790732360248521
237,5,0.24042205880758782,-0.4880068530140673,0.25,3,2,0.5,1,0.0,2,100,0.942166870898931,0.927859407108537
238,10,0.6938449694795081,0.2885003185941022,0.75,0,0,0.5,1,0.5,2,100,0.9142070784931678,0.6543092208814151
239,10,0.7429038357783806,-0.20689111780327996,0.25,1,1,0.5,1,0.5,2,50,0.20886325729483896,0.31287122300608333
240,5,0.6648955634954712,0.5900182747095262,0.75,1,2,0.5,1,0.5,2,100,0.8223967537460486,0.3192628670635359
241,5,0.6111679643574143,0.22368930683054133,0.75,1,2,0.5,1,0.5,2,30,0.7964709674650791,0.5259382242661351
242,10,0.6264203940637787,0.25154341413198855,0.5,0,1,0.0,1,0.5,2,50,0.8481751918133253,0.8325685625884516
243,5,0.29433316766565487,-1.185942641304964,0.25,0,1,0.5,1,0.5,2,100,0.41726064973959476,0.25490768893766436
244,10,0.3205457025904317,0.15993703887581767,0.25,3,0,0.0,1,0.0,2,100,0.303556402595181,0.4079812266010135
245,10,0.5608298642289286,-0.10509458120132709,0.25,1,1,0.5,1,0.5,2,100,0.24308438877442612,0.7154783163806675
246,10,0.8334221377231823,0.6593578188225464,0.75,3,0,0.5,1,0.5,2,30,0.5802055271822995,0.5159705877498438
247,5,0.7555662017627893,0.38902050404853494,0.75,3,0,0.0,1,0.5,2,50,0.8854779917206228,0.10699508453151133
248,10,0.7116124087727025,0.7260903579557807,0.75,1,2,0.5,1,0.5,2,100,0.6718575398175898,0.6740804670844889
249,5,0.5777372694365084,0.06891300613593632,0.5,1,1,0.5,1,0.0,2,50,0.530025355272246,0.818147073476398
250,10,0.6219233940583879,-0.9802957035945985,0.25,3,0,0.5,1,0.0,2,30,0.7456831322300094,0.605382749631938
251,10,0.633136168272444,0.5077337994990851,0.5,0,2,0.5,1,0.5,2,100,0.795197487550499,0.2682070694010041
252,2,0.8338401762097221,0.6013551093767444,0.75,0,1,0.5,1,0.5,2,30,0.9838865968746923,0.2822897070762187
253,10,0.299707116091799,-0.6297180378142384,0.25,0,2,0.0,1,0.5,2,100,0.3206889804022918,0.3266679651531708
254,5,0.5700767830150993,0.457714911311375,0.5,3,0,0.5,1,0.5,2,100,0.452542706033323,0.2245346290395388
255,10,0.6961413796510957,-0.27016945212138266,0.5,3,1,0.0,1,0.5,2,30,0.4323011853024341,0.5184845002713898
256,5,0.7303637363447177,0.15440446049531575,0.75,1,2,0.0,1,0.0,2,30,0.7746703941547718,0.20768206194708425
257,5,0.7661850808324746,0.7954279256337656,0.75,1,0,0.5,1,0.5,2,100,0.9613585623605864,0.00843342663637089
258,2,0.3591570702377408,-0.31148569624905775,0.25,0,0,0.0,1,0.0,2,100,0.9945104966980716,0.9876315164386028
259,5,0.45044918584311133,-0.07149558299462866,0.25,0,2,0.5,1,0.5,2,50,0.6996443448270048,0.5934069308479339
260,10,0.5885675003590725,0.05097613856267047,0.25,0,2,0.0,1,0.5,2,50,0.23179079452721402,0.5355620869104663
261,10,0.8682111909933274,0.8602736405729676,0.5,1,0,0.5,1,0.5,2,30,0.6786946573142936,0.016607194215466442
262,10,0.5856487805971716,-0.3934055476859839,0.5,3,1,0.0,1,0.0,2,50,0.34057737005266636,0.13289173062247997
263,10,0.5372819583438302,-0.7690560992411304,0.25,3,2,0.0,1,0.5,2,50,0.3906988846598767,0.6297065597392908
264,5,0.44813758156117134,-1.6849698354360116,0.25,3,0,0.5,1,0.0,2,50,0.7376580170587462,0.6627179554903341
265,10,0.8372346623926169,0.9568977963875444,0.75,3,0,0.5,1,0.5,2,30,0.45995491770729063,0.12202929957870522
266,10,0.734617257164929,0.6893466156963337,0.75,3,1,0.5,1,0.0,2,50,0.619472469353023,0.08967746139548788
267,10,0.7128171178283589,0.34656816257426326,0.5,1,1,0.5,1,0.5,2,50,0.5217785771142752,0.21303895146617424
268,10,0.7749130478003727,0.5120200610914999,0.75,3,1,0.5,1,0.5,2,50,0.7842472559765169,0.29607850053261114
269,10,0.6925652966888654,-4.0352593995413475,0.5,3,2,0.5,1,0.0,2,50,0.3862913645356876,0.23455155933578317
270,5,0.6505147125196795,-1.1094792427319722,0.75,1,2,0.5,1,0.5,2,100,0.8821201552839597,0.19418106673869145
271,2,0.42648555225496343,0.33118356285687633,0.5,1,0,0.5,1,0.0,2,50,0.582854929800713,0.8541298732896049
272,10,0.5354316523259331,-0.046140275979895895,0.25,3,2,0.5,1,0.0,2,50,0.6090032891723353,0.5740053807754849
273,2,0.4204824277343394,0.4133656903116043,0.5,0,0,0.0,1,0.5,2,100,0.9479427700582622,0.7720988792895311
274,5,0.5002333346138697,0.2021374671359829,0.5,0,2,0.5,1,0.0,2,100,0.3984607405654675,0.7070940095762301
275,5,0.5944787771529572,0.02687775868633302,0.25,1,0,0.5,1,0.5,2,50,0.5239793040636839,0.43804066506995637
276,2,0.3875154468134161,-0.5493677530994094,0.75,1,0,0.0,1,0.0,2,100,0.7916228915455724,0.9362337339626365
277,10,0.7246106222534636,-0.5407457042339976,0.25,1,2,0.0,1,0.0,2,30,0.4010221980943905,0.489093785776163
278,2,0.20142579633990343,0.08171238371222367,0.5,1,1,0.5,1,0.5,2,100,0.7452627365884302,0.13931742706425637
279,2,0.7626549399797319,-0.24039457508718165,0.75,0,1,0.0,1,0.5,2,30,0.961400959760447,0.23228795493926427
280,2,0.4543359600147614,-0.34436431379442634,0.25,0,1,0.5,1,0.5,2,50,0.9058823538378679,0.9422799454315951
281,10,0.4134995901068732,0.23547163440281416,0.5,0,1,0.5,1,0.0,2,100,0.7006703425428887,0.18728744786231016
282,5,0.5595006715097505,-0.4974417330492349,0.25,1,1,0.5,1,0.0,2,50,0.5986250441927874,0.5110858091103303
283,10,0.7170358357658488,0.1954715498076569,0.5,3,2,0.0,1,0.5,2,30,0.609511394576311,0.636915258026711
284,5,0.5117524672267417,-8.497909754049083,0.25,0,0,0.0,1,0.0,2,50,0.893066712283956,0.23781753043305165
285,5,0.32476849505745153,-0.41132107999105827,0.25,3,2,0.5,1,0.5,2,100,0.09501354992835713,0.5607147822716058
286,10,0.6832559161947542,0.013159759765967949,0.25,0,0,0.5,1,0.0,2,30,0.7791959846168637,0.27529190970370493
287,5,0.48124528241424136,-0.08230575268809837,0.25,1,1,0.0,1,0.5,2,50,0.6634513984362423,0.5948324781555695
288,5,0.6228817357132982,0.06372900110473056,0.5,1,0,0.0,1,0.5,2,50,0.5276240288143699,0.5043922458263277
289,2,0.7579987815346686,0.7511499819718379,0.75,1,0,0.0,1,0.5,2,100,0.8902805832170284,0.7898265315424642
290,10,0.7318646722326694,0.48218744159967164,0.75,0,2,0.5,1,0.5,2,50,0.7652871055247976,0.5366573599802051
291,5,0.8461611901715393,0.8256964320413005,0.75,3,1,0.5,1,0.5,2,50,0.9009260892079445,0.012432859631442458
292,2,0.6744771413553482,-1.0215072145619755,0.75,1,1,0.0,1,0.5,2,50,0.9042817590211014,0.6699587061598042
293,5,0.6519527198600406,-4.842080015480923,0.5,0,2,0.0,1,0.0,2,30,0.699951526669261,0.7506517237196384
294,10,0.7621720158203917,0.13216956326484308,0.75,1,1,0.5,1,0.5,2,30,0.4839974824084049,0.18869646562816816
295,10,0.45455923415137145,-0.003787298579833953,0.5,0,1,0.0,1,0.0,2,100,0.6145043961082152,0.4687880372801124
296,5,0.34890535576115944,-0.037885299423744856,0.5,3,0,0.5,1,0.0,2,100,0.7536814051751872,0.39571368747540187
297,2,0.3417632878949205,-3.4222158928010042,0.25,1,1,0.0,1,0.0,2,30,0.9931867847158028,0.9423289090816136
298,10,0.39854885876184465,-0.10620653826775794,0.25,3,0,0.5,1,0.0,2,100,0.7119212216704397,0.16651180605790786
299,10,0.6741718522489999,0.4185609138733969,0.5,1,0,0.5,1,0.5,2,50,0.47312984908911265,0.35511476303779144
300,5,0.5641479607113902,-0.44506984346841993,0.75,1,2,0.0,1,0.5,2,30,0.6348569661852165,0.34784930371540157
301,2,0.42507494934223633,-0.1703053301293318,0.25,1,0,0.0,1,0.0,2,50,0.6048403946025346,0.08906494128833244
302,10,0.7775767579296418,0.49096970102798365,0.75,1,2,0.5,1,0.5,2,30,0.6997610722322533,0.5236319864323522
303,5,0.6742804200751229,0.7238354879399566,0.75,3,0,0.5,1,0.0,2,100,0.8524056508330424,0.44223739630205
304,5,0.5369017217922798,0.4357159013052079,0.5,1,0,0.5,1,0.0,2,100,0.9416661338005055,0.12355094476831173
305,10,0.7531081365871234,-0.22991221389241012,0.75,0,2,0.0,1,0.5,2,30,0.45742519136252796,0.14333228073332197
306,5,0.4274717214152569,-0.05659801328350733,0.5,3,2,0.0,1,0.0,2,30,0.4595278957877015,0.7140217781142936
307,5,0.5994365418186745,0.66478179246636,0.5,1,0,0.5,1,0.5,2,100,0.8789147336858913,0.6273755676636456
308,2,0.5167510839211444,0.3523177186801145,0.5,0,0,0.5,1,0.5,2,100,0.9999311990342893,0.9999957742032287
309,5,0.5685888716242711,0.17978902526930962,0.25,1,0,0.5,1,0.5,2,50,0.730748491277226,0.501531894727499
310,10,0.5992001946322207,0.44939285864467027,0.75,0,2,0.0,1,0.5,2,100,0.8713485199753256,0.2971919997473
311,2,0.835813106334867,0.25428750195132177,0.75,1,0,0.5,1,0.5,2,30,0.8282130831489127,0.03438249599904801
312,5,0.7054601344080573,0.5320426184756744,0.75,1,2,0.0,1,0.5,2,50,0.7705765950669696,0.5382513630893346
313,5,0.4779066045254745,-0.046225512193888596,0.25,3,2,0.5,1,0.5,2,100,0.29624852820597014,0.59536149410656
314,5,0.7950872689913964,0.5244218587215177,0.75,0,1,0.0,1,0.5,2,30,0.9354034518610953,0.5275357958827
315,5,0.6445939275225967,-0.23452201868261846,0.25,3,2,0.0,1,0.5,2,30,0.8224605956457992,0.8870602902382223
316,10,0.6969665817666231,-1.234298261558147,0.5,0,1,0.0,1,0.0,2,30,0.6647823990627324,0.31400333024095617
317,10,0.6834029030007828,-0.18415228124524763,0.5,1,2,0.5,1,0.5,2,30,0.4362005290931027,0.33730567242364545
318,2,0.629651924528109,0.7718536700223693,0.5,1,1,0.5,1,0.0,2,50,0.9481330710846252,0.8259885446910284
319,5,0.7354579673434001,0.5852891285367219,0.75,0,1,0.5,1,0.5,2,100,0.9212207697111395,0.21281299379765015
320,5,0.5646622966222025,0.34444185914458736,0.5,1,1,0.5,1,0.5,2,50,0.5993194202542225,0.20579641578773636
321,10,0.7208776779795367,-0.48101950620970024,0.25,3,2,0.5,1,0.5,2,30,0.818804718640969,0.4212424803371935
322,2,0.7126781714867543,-0.8666247909257618,0.75,0,1,0.5,1,0.0,2,100,0.8653286585328156,0.18183118793220707
323,2,0.5353900904122852,-2.2221294802492433,0.25,0,0,0.0,1,0.5,2,30,0.9806686207526076,0.453878263903249
324,5,0.8458110046456061,0.8208810562872475,0.75,1,1,0.5,1,0.5,2,30,0.47310902219360995,0.8843396615471047
325,10,0.6640434628001375,0.3828414008941443,0.5,0,1,0.5,1,0.5,2,100,0.4011210807728888,0.06858688365817413
326,10,0.6502598036135847,0.08169845804003406,0.5,0,0,0.0,1,0.5,2,50,0.9436616273001641,0.29069387179560763
327,5,0.2737677928602571,-0.31618689751046203,0.25,3,2,0.5,1,0.5,2,100,0.2768316732081006,0.5354774302313032
328,10,0.630781995449361,0.17309922755150575,0.5,0,1,0.0,1,0.5,2,30,0.4227526927139849,0.33186750698283424
329,2,0.7467276012920931,0.72221253037532,0.75,0,1,0.5,1,0.5,2,100,0.9314458510059519,0.09308731985749029
330,10,0.5890755372831421,0.48703116614883,0.75,1,1,0.5,1,0.5,2,100,0.7785758663931455,0.8740502495397444
331,5,0.674483714597045,0.5638353277188886,0.5,0,2,0.5,1,0.5,2,50,0.9915580169824609,0.4268079524792041
332,5,0.48885447068579646,0.057939373841861874,0.5,1,0,0.0,1,0.0,2,100,0.995419084975332,0.9247508992245267
333,2,0.6193650118271765,-0.41692406317427144,0.5,1,0,0.5,1,0.5,2,30,0.41628967741404455,0.44378273237093346
334,5,0.5866220028101686,0.1717030698095834,0.75,1,2,0.5,1,0.5,2,100,0.8151317277907038,0.21162685841044565
335,5,0.26072603458521937,-0.3200373917148851,0.25,3,0,0.0,1,0.5,2,100,0.7401565843724784,0.6409622664787643
336,5,0.5627225761089364,-0.003266101989844339,0.25,0,1,0.5,1,0.0,2,50,0.7899854768518115,0.8682362661685031
337,2,0.23216612892240562,-0.448121061216723,0.25,0,1,0.0,1,0.5,2,50,0.8846220473895395,0.545304990444556
338,10,0.738124468514724,0.24990243905363707,0.75,0,0,0.0,1,0.5,2,50,0.9190730997454518,0.21238571634572354
339,5,0.6271469900438873,-7.135583423942357,0.25,1,1,0.5,1,0.5,2,30,0.9337471251196223,0.9202780816667406
340,5,0.23752698599494904,0.05244913557770392,0.25,0,0,0.0,1,0.5,2,100,0.9330078342800985,0.9821089604647468
341,10,0.73803036530518,0.1106759241259333,0.5,0,2,0.0,1,0.0,2,30,0.5749779921861672,0.6924523790018289
342,5,0.5274049431525264,0.02973634190952501,0.25,0,0,0.5,1,0.5,2,50,0.6627214863509401,0.40393085127216377
343,10,0.7721164393744502,-7.043738363836022,0.75,0,0,0.5,1,0.0,2,50,0.4574572863099857,0.11268233753394705
344,5,0.7484587772684268,0.26032085186702836,0.75,0,2,0.5,1,0.5,2,50,0.9611735948233265,0.7164256794018922
345,10,0.6472120598453401,-0.4181242516932919,0.5,0,2,0.0,1,0.5,2,30,0.28468337227895957,0.48562123056018525
346,10,0.5910339588820429,0.10519876329877031,0.25,3,1,0.0,1,0.5,2,30,0.41532998421629413,0.4110985234374267
347,5,0.1257083907312151,-0.15540808082868507,0.25,3,2,0.5,1,0.5,2,100,0.7770515989861472,0.7812023676274268
348,2,0.04774163102616369,-0.009583488391580852,0.25,0,1,0.5,1,0.5,2,100,0.8025765639508531,0.951386272057804
349,10,0.6259767052876838,0.676576867107543,0.5,1,1,0.5,1,0.0,2,50,0.4038594653796873,0.06444053578506513
350,2,0.6746837438623026,0.4887845193297916,0.75,1,0,0.5,1,0.5,2,30,0.09607918839148516,0.9998406860284599
351,2,0.58548847625303,0.5763509418788926,0.25,0,0,0.5,1,0.0,2,30,0.7161089172150201,0.7048924131113543
352,2,0.5241008725368468,-0.5640013655314144,0.25,0,1,0.5,1,0.5,2,30,0.9707932444286205,0.935011952016209
353,5,0.187241232792124,-0.06958707385878116,0.25,1,0,0.5,1,0.0,2,100,0.15065379309813764,0.9012675965989119
354,10,0.6318915465836885,0.3308355151682385,0.75,1,2,0.0,1,0.0,2,50,0.4088774763876912,0.628253418862888
355,5,0.685891281487892,0.6937902719792088,0.75,0,1,0.5,1,0.5,2,50,0.9437088476248343,0.16762679351797738
356,5,0.8884907640149968,-0.6337013973332337,0.75,0,0,0.5,1,0.5,2,30,0.9344475683306986,0.5007994081121547
357,5,0.7037383263460342,0.1447893415350321,0.75,3,1,0.5,1,0.0,2,100,0.36392717961952675,0.39706483220924976
358,10,0.5933511696938778,-0.45880600691421125,0.5,3,1,0.5,1,0.5,2,100,0.3222755328496646,0.3960741381386444
359,2,0.3456877159666695,-0.454730625817938,0.5,1,1,0.0,1,0.5,2,50,0.7109283291656703,0.7884727469411366
360,10,0.743685494163953,0.560275326121418,0.75,3,0,0.0,1,0.5,2,30,0.9690296131845391,0.6546005407447041
361,10,0.788449573427896,-0.11434441539886775,0.5,0,0,0.5,1,0.5,2,50,0.707960961377745,0.6475935982027505
362,2,0.1394803582974391,-0.5485613078646439,0.25,1,1,0.0,1,0.5,2,100,0.7624084193520256,0.9470130083915242
363,10,0.6997580190474617,0.48299095034213413,0.75,0,0,0.5,1,0.0,2,30,0.4752907567052752,0.3170143209890826
364,10,0.5522350710956875,-1.6292395482882176,0.25,0,1,0.0,1,0.5,2,50,0.6444837812872107,0.7156056390998177
365,5,0.6624072554408427,0.5476862194728558,0.5,3,0,0.5,1,0.5,2,30,0.9934071602167431,0.037311403564892
366,5,0.7001491100453257,-0.27200007216258326,0.75,3,0,0.5,1,0.0,2,30,0.5002280126421167,0.6873358967402088
367,2,0.5207341518018938,-3.28887918947333,0.25,1,0,0.5,1,0.5,2,50,0.9920590800100981,0.8813481694446031
368,5,0.32646997335551586,0.14700118484712144,0.5,3,0,0.5,1,0.0,2,100,0.39681085064128485,0.5181027511617684
369,10,0.3473566344311356,-0.025470357052255643,0.25,3,2,0.0,1,0.5,2,100,0.672354414196359,0.45091615447679506
370,5,0.5815435495613164,-0.6397155696259982,0.25,1,0,0.5,1,0.0,2,50,0.5999827851750754,0.10480753568654094
371,10,0.7127493723491632,0.7554031936529817,0.25,0,2,0.0,1,0.5,2,30,0.26898983598860754,0.595377726713927
372,10,0.7709619510537612,0.7724296395315604,0.75,3,1,0.5,1,0.5,2,50,0.8430660360362259,0.12331026766432862
373,2,0.1647971852471083,0.0019240891843340657,0.25,1,0,0.5,1,0.5,2,100,0.9770475006868178,0.999817627002325
374,2,0.6756723381152379,-12.91058466539592,0.75,1,0,0.0,1,0.0,2,30,0.25558175625735247,0.9883311109925456
375,5,0.7576531178146357,0.7635004092566642,0.75,3,0,0.5,1,0.5,2,100,0.9289691015608061,0.9276939566678156
376,5,0.7670197706888551,0.34795502526041866,0.75,1,2,0.5,1,0.0,2,50,0.4210475078188183,0.8794165763311438
377,2,0.506698569983193,-0.10288818840848557,0.5,1,0,0.0,1,0.5,2,30,0.8783808461789157,0.5746721497798215
378,5,0.5408042648902298,0.8236017430784982,0.25,3,1,0.0,1,0.5,2,50,0.741260982028533,0.3961914680605008
379,5,0.5665956932693734,-1.5439382565331652,0.25,0,0,0.0,1,0.0,2,30,0.5643489307231573,0.396941339834986
380,5,0.7377203247926148,0.0670774767098975,0.75,3,1,0.5,1,0.5,2,30,0.28966290768299296,0.1930708067891665
381,5,0.6759363836768861,0.5848376041336231,0.75,3,1,0.0,1,0.5,2,50,0.8750647850407348,0.2573080366698595
382,5,0.5018247366616578,-0.05901985668861531,0.5,3,2,0.0,1,0.5,2,50,0.5337129364750628,0.29417575207777974
383,10,0.5397360928026484,-0.02506063674818715,0.25,0,0,0.5,1,0.0,2,50,0.8126719967690146,0.07803907046826596
384,5,0.4444527770124934,0.31593914190588235,0.25,0,0,0.5,1,0.0,2,100,0.8296831786095993,0.4978220996476866
385,10,0.8070295778766361,0.8397361225683553,0.75,1,1,0.5,1,0.5,2,30,0.8054237314883054,0.17441544176878496
386,10,0.6957521618267679,-2.1114105513014025,0.75,1,2,0.0,1,0.5,2,30,0.7559482198777201,0.19234603407567366
387,10,0.5970311599724757,-0.863071142227589,0.5,0,1,0.0,1,0.0,2,50,0.9519417466987716,0.6199357462418614
388,5,0.4633515184546739,0.47158140408838223,0.5,1,1,0.5,1,0.5,2,100,0.702737079766289,0.4684641732307002
389,10,0.725640086073708,0.003045612176161283,0.5,1,2,0.5,1,0.5,2,30,0.6920294994018293,0.47836914683205306
390,10,0.6876696438717004,-5.692252099642347,0.5,3,2,0.5,1,0.5,2,50,0.43221794646570894,0.18165427492558459
391,5,0.301237336326623,0.08953411885297946,0.25,1,0,0.5,1,0.5,2,100,0.21345744205264763,0.8999271770436795
392,5,0.635946610546998,0.7725294187143528,0.25,3,2,0.5,1,0.0,2,30,0.7769003681796657,0.5283645822054696
393,10,0.7002390603898425,0.3443637252782594,0.5,0,2,0.5,1,0.5,2,30,0.6858842011652674,0.2043804703304298
394,10,0.7367559585303323,0.50874358403235,0.75,1,2,0.5,1,0.5,2,30,0.6487768815877508,0.5295932319341555
395,2,0.5064253406771224,-0.24367985289327998,0.5,0,1,0.5,1,0.5,2,100,0.9949376112867367,0.3177344713995017
396,2,0.6223704565797497,0.7010542935357407,0.5,0,1,0.5,1,0.5,2,50,0.9130821240116874,0.3656016854999465
397,10,0.5618119516420186,-1.7702523129636578,0.5,0,2,0.0,1,0.0,2,30,0.19516145697465714,0.3588607548691955
398,5,0.8001523693221149,0.1633482417281531,0.75,0,1,0.5,1,0.5,2,30,0.9934849378255859,0.9936906607792495
399,5,0.4274618197041453,0.46704122977938367,0.5,1,0,0.5,1,0.5,2,100,0.9756505929342119,0.7319053677032463
400,2,0.6246203215250474,0.5652196678007262,0.5,1,0,0.5,1,0.5,2,100,0.9999993120741312,0.721527926710106
401,5,0.6075025066642603,-0.8139071634481938,0.25,1,0,0.0,1,0.0,2,30,0.6916252252383014,0.517665343136337
402,5,0.45560698968354885,-0.07619109984428896,0.5,1,0,0.5,1,0.0,2,100,0.8238180047457919,0.40485360811855947
403,5,0.28133590651253226,-0.10845875398641813,0.75,3,2,0.5,1,0.5,2,100,0.667895940322529,0.4573412578222912
404,5,0.7164939281979115,0.7911019400764303,0.75,1,2,0.5,1,0.0,2,30,0.6920192615866799,0.3948272333950525
405,5,0.7777523692237847,0.6206040198603164,0.75,3,0,0.5,1,0.0,2,30,0.7697492488557519,0.33537163675353343
406,2,0.3929002187148134,-0.20511608826127858,0.25,0,1,0.0,1,0.5,2,50,0.8254651539241784,0.3146638916395131
407,10,0.7474034054139369,-0.8851361115864469,0.75,3,2,0.0,1,0.5,2,50,0.6085961025384103,0.8468379527986711
408,10,0.755524254364515,0.6662769114851355,0.75,0,0,0.5,1,0.5,2,30,0.6388984730763567,0.18805876671642918
409,5,0.6155541804707657,-0.023058675167805243,0.5,1,1,0.5,1,0.5,2,30,0.7808867486749987,0.6707117220525147
410,10,0.45904762042153824,0.1352207122783362,0.5,3,1,0.0,1,0.0,2,100,0.6929220436130238,0.24524246978862543
411,10,0.7739391284552151,0.24913451924667285,0.75,3,0,0.5,1,0.5,2,50,0.5884777961739619,0.43965167169370634
412,10,0.7429145555196726,-2.680796245367537,0.5,1,1,0.5,1,0.0,2,50,0.3665871461926543,0.24414132456889565
413,5,0.18330787075776178,-0.17165586372670072,0.25,1,0,0.0,1,0.5,2,100,0.7926822099769659,0.7612504453803205
414,10,0.3384985933560104,-0.17035904187645312,0.25,3,2,0.5,1,0.0,2,100,0.6073873446931971,0.2495452113328339
415,5,0.7204270848866958,-0.6275111338560273,0.5,0,0,0.5,1,0.5,2,50,0.9967813019012857,0.9609845505840724
416,10,0.7436140965864441,-0.7170272684000525,0.75,3,0,0.5,1,0.0,2,30,0.8928174536409306,0.3630209017342112
417,10,0.7558346990175902,0.2900440269479271,0.75,3,0,0.0,1,0.5,2,30,0.9747511013298534,0.47054875090508524
418,2,0.749347316738896,0.8669294198091755,0.75,0,0,0.5,1,0.5,2,30,0.8509663167722435,0.9727698363319432
419,2,0.4466275728915472,-1.992981770053082,0.25,0,0,0.5,1,0.5,2,50,0.7813803941953196,0.9950710517759648
420,10,0.7361077438002825,0.35518578134855405,0.75,1,0,0.0,1,0.0,2,50,0.9920768818051416,0.37280832612648684
421,5,0.5743830008365525,0.12409741274056874,0.25,1,2,0.5,1,0.5,2,50,0.8368572861824678,0.7010721973239513
422,5,0.6560402056082013,0.47015843396863444,0.75,3,0,0.5,1,0.0,2,50,0.35102898886828215,0.31222611327260763
423,2,0.17921932675047259,-0.2112724296667028,0.25,0,1,0.5,1,0.5,2,100,0.7612273391037635,0.9466081870865006
424,10,0.7235483221837681,-0.0704103184337177,0.75,3,2,0.5,1,0.5,2,30,0.4724331633018132,0.2410141031355148
425,5,0.6592257243530932,-0.5679510534018242,0.25,0,1,0.5,1,0.5,2,30,0.2763650466628582,0.6372983708381335
426,10,0.746142504759897,-1.1307136805486948,0.75,3,1,0.0,1,0.5,2,50,0.7225713761245879,0.14183672049394336
427,5,0.459168711102374,-0.5224505613166908,0.5,0,2,0.0,1,0.5,2,30,0.6578681818937963,0.8793402316012269
428,10,0.6724056817814513,0.32403765472268686,0.5,1,0,0.5,1,0.5,2,50,0.8841005234311197,0.13408563669345797
429,2,0.3549924019654963,-0.7544024193459267,0.5,1,1,0.0,1,0.5,2,50,0.9530751251010385,0.7264228452044675
430,5,0.6049478150611316,-0.13529949020127585,0.25,3,1,0.5,1,0.5,2,30,0.6250609936447699,0.80493126221324
431,5,0.7288088770351122,0.5334846634675341,0.75,0,0,0.5,1,0.5,2,100,0.981100202032829,0.08984097459315565
432,5,0.5062401474032986,0.4239510723728305,0.25,0,2,0.5,1,0.5,2,50,0.9811359690758905,0.641367303275983
433,5,0.5581576068120491,-0.6078218626257734,0.5,0,1,0.5,1,0.0,2,50,0.9805577772687248,0.1677465180522751
434,10,0.6221325843669933,0.35492589307963773,0.75,3,2,0.5,1,0.5,2,100,0.5553914566052699,0.2389511425532089
435,5,0.6547157198054585,0.1250143614584044,0.75,1,0,0.5,1,0.5,2,50,0.9840937173881377,0.5662248518660867
436,2,0.5524252886703226,-0.21676696606502022,0.75,1,1,0.5,1,0.5,2,100,0.14618751556668963,0.31164843982532686
437,10,0.8099787936669745,-7.911351224424086,0.75,3,0,0.0,1,0.5,2,50,0.6469875074244569,0.09111494434680226
438,10,0.7572699113665865,0.49208238356347667,0.75,1,0,0.5,1,0.5,2,50,0.9849824526590726,0.30648262156326617
439,2,0.4364067176279357,0.32982663686171154,0.25,1,1,0.0,1,0.0,2,50,0.97502706366509,0.8919986884209586
440,2,0.626190039783435,0.11149925831616525,0.75,0,1,0.5,1,0.5,2,50,0.8732221351017149,0.8359679748531087
441,10,0.8058585001942262,0.27384843536317804,0.5,3,2,0.5,1,0.0,2,30,0.23427066200713043,0.9487413959990618
442,10,0.8060030245776156,-31.85343801139247,0.75,1,0,0.5,1,0.5,2,30,0.8620720602551732,0.0659133172659979
443,5,0.4733925835401209,-0.2683092355259711,0.5,0,2,0.0,1,0.5,2,100,0.9390785522125051,0.13587613931762763
444,10,0.6641079348735972,0.3722100101208756,0.75,3,1,0.5,1,0.0,2,100,0.5044563387126086,0.2356115887838331
445,5,0.4561681123524106,-0.7584999775791155,0.25,3,1,0.0,1,0.5,2,50,0.8966519236849536,0.5731026938760057
446,5,0.6432093888816808,-2.7335755375816984,0.25,1,0,0.0,1,0.5,2,30,0.9594293692598655,0.5112866098272778
447,2,0.4108797046292598,0.2780369111312023,0.5,1,0,0.5,1,0.0,2,100,0.9512663329423591,0.9986933667194859
448,5,0.17988792747435955,-0.049476611717132135,0.25,1,2,0.5,1,0.5,2,100,0.37889534246645035,0.8483206663778252
449,10,0.6622287090294858,0.5054221394776319,0.75,3,0,0.5,1,0.5,2,100,0.9306999735247972,0.08563825977377676
450,5,0.45122919409616336,-1.1573575083226277,0.5,1,2,0.0,1,0.5,2,100,0.9053302239088457,0.040157712587467184
451,10,0.750528391806117,-1.4012085354349617,0.5,3,0,0.0,1,0.5,2,30,0.6524198775234786,0.17818554668578515
452,10,0.626312394762703,0.5596106512169876,0.75,1,2,0.5,1,0.5,2,100,0.676331078881902,0.6480366830960022
453,10,0.5695374859067852,-0.544643983806254,0.5,1,1,0.5,1,0.5,2,50,0.6407352062351583,0.7319940551505542
454,5,0.7728484858792855,0.39483259136049764,0.75,1,2,0.0,1,0.5,2,30,0.6883287931010589,0.5878603104201376
455,10,0.4858354164127826,0.11874225154465667,0.5,3,1,0.0,1,0.0,2,100,0.2858764782969463,0.7840545189878995
456,10,0.6531944491351535,-0.0880257834705176,0.5,3,1,0.0,1,0.5,2,30,0.677924861888426,0.24797251894697542
457,5,0.32270131443075645,-0.11670656058937201,0.25,1,1,0.5,1,0.5,2,100,0.6482858960488952,0.2535770290473127
458,10,0.612388614862903,-0.019656777192056163,0.5,0,1,0.0,1,0.0,2,50,0.8535142554728858,0.22457957505913353
459,5,0.6997030385967897,0.6113147135263706,0.75,0,1,0.5,1,0.5,2,100,0.9763104764808509,0.4776661791621829
460,5,0.2895548688434024,0.04346189750736129,0.25,1,0,0.5,1,0.5,2,100,0.9822055677535328,0.5408726027452834
461,5,0.6222334591403775,0.030887191800946567,0.25,0,2,0.5,1,0.5,2,50,0.8884737125293641,0.4506700441542261
462,5,0.7462899847499749,0.45510657210414074,0.75,0,0,0.5,1,0.0,2,30,0.6377550675267878,0.8855854449336926
463,2,0.6289819388603219,0.2040596077182366,0.25,0,0,0.5,1,0.5,2,30,0.9979040090760712,0.9998574905140726
464,2,0.36453665148306935,0.1057622265357564,0.25,0,0,0.5,1,0.0,2,50,0.530228794528948,0.6492542437679975
465,2,0.6524753363032917,0.26874960616636656,0.25,0,1,0.5,1,0.0,2,30,0.9769103111417331,0.9982023385986886
466,10,0.6730182753985539,-0.20385492870811217,0.25,1,0,0.0,1,0.0,2,30,0.5041453847246457,0.5387028872585851
467,10,0.2644010033926605,-0.16140110726880952,0.25,3,1,0.5,1,0.5,2,100,0.7117556001383631,0.22220081114440365
468,5,0.7295828352441982,-1.2440978470656927,0.5,3,1,0.5,1,0.5,2,30,0.9353650691818559,0.4815697719715022
469,5,0.7622659249886826,0.6059891757704834,0.75,3,2,0.5,1,0.0,2,100,0.7872549792199388,0.4738618673106367
470,5,0.5679727777239891,0.09898429094841521,0.5,3,1,0.5,1,0.5,2,50,0.3746231901675677,0.9403313129309125
471,10,0.5517302144698575,0.12035988192805191,0.25,3,2,0.5,1,0.5,2,50,0.4086309632711541,0.1687889701063088
472,10,0.7012815301839237,-0.7961707102746509,0.5,3,1,0.5,1,0.0,2,30,0.4940822979106851,0.1959462081846413
473,10,0.7413879030134772,0.4819865900505005,0.5,3,2,0.5,1,0.5,2,30,0.7920771150416597,0.29961671782011945
474,5,0.6190537988233398,0.4985687662814674,0.75,3,2,0.5,1,0.5,2,50,0.29883200917857944,0.023330157214023223
475,5,0.512041173276049,0.04597630246504125,0.5,3,0,0.0,1,0.0,2,100,0.9278738921820691,0.29903403437531995
476,5,0.6967866692922593,0.11191404996735577,0.5,1,1,0.0,1,0.5,2,30,0.32155238917546475,0.7270048603266842
477,10,0.5943442964832304,0.155405307313898,0.5,0,2,0.0,1,0.5,2,50,0.6678746285326006,0.49725573473308665
478,5,0.5233375071756435,-0.5547134065831527,0.25,0,1,0.5,1,0.5,2,50,0.7181047163316646,0.734557723352983
479,10,0.5618223623454459,-0.690377665507611,0.25,0,2,0.0,1,0.0,2,50,0.6405544476818744,0.5019901762843524
480,5,0.6889178982335391,0.06238793355134897,0.5,3,1,0.5,1,0.5,2,50,0.7106428382055393,0.6798711437180138
481,2,0.4829430374161662,-2.5633903371763527,0.5,1,1,0.0,1,0.5,2,50,0.57908842774491,0.06660602844415062
482,2,0.7525518313709825,0.5951385866496024,0.75,0,0,0.5,1,0.5,2,100,0.9646886783561361,0.04630503209194128
483,10,0.6694473654611914,0.41856746585681737,0.75,1,2,0.5,1,0.5,2,50,0.6548809446193996,0.8948456799448885
484,10,0.7677555202267015,0.12144879211108972,0.25,1,2,0.5,1,0.5,2,30,0.2112018139868423,0.33090458072071044
485,10,0.5884325245856694,0.1250641011502479,0.25,0,1,0.5,1,0.5,2,50,0.41464939829732134,0.7879705383607013
486,10,0.7022929817709866,-0.14424737003722754,0.5,0,0,0.5,1,0.0,2,30,0.6921124605603526,0.49177044722123286
487,5,0.6430802004843861,0.3286521239019635,0.25,0,0,0.0,1,0.0,2,30,0.31201899919165965,0.45564880502830035
488,5,0.7029089879654018,0.08093281957280862,0.5,0,1,0.5,1,0.5,2,50,0.8044532908212065,0.29997757729566593
489,5,0.7927452088638905,0.0982865345646341,0.25,1,2,0.5,1,0.5,2,30,0.5577302483746843,0.565111596102506
490,2,0.5675365181924368,0.3839107380584067,0.5,0,1,0.5,1,0.5,2,50,0.9357614433683502,0.9605770133825136
491,5,0.2302466393549396,0.013248769432439023,0.25,1,0,0.5,1,0.0,2,100,0.6391479861552276,0.6100737053380738
492,10,0.681149477742931,0.5350792841285976,0.5,0,0,0.5,1,0.5,2,50,0.946932023589452,0.7343526172312906
493,10,0.6995601825577182,0.7753551651275538,0.5,1,1,0.5,1,0.0,2,30,0.507546232126024,0.33487388709954785
494,5,0.6212628222870307,-0.45982876921563265,0.5,1,1,0.0,1,0.5,2,30,0.5449519972121099,0.22482072945632256
495,10,0.6942368407850064,0.25729030173269773,0.75,0,0,0.0,1,0.0,2,50,0.6730608909113921,0.27868569183677777
496,2,0.7409429830600505,0.22977438729936284,0.75,0,0,0.5,1,0.5,2,100,0.9917701652218287,0.6891090459747239
497,5,0.40983458576613585,-0.43243668716001493,0.25,1,1,0.0,1,0.5,2,50,0.7643327897707628,0.46365704697543125
498,5,0.5859208993015166,-0.6790860547686297,0.75,3,0,0.5,1,0.5,2,50,0.25133353250218127,0.32642153110651034
499,10,0.7558276941236369,-1.2455960086415718,0.75,3,2,0.0,1,0.0,2,50,0.6365535897738374,0.07074824758416617
500,10,0.5781490780410223,0.16572223824036814,0.5,1,2,0.0,1,0.5,2,100,0.41042449571971584,0.11132750135718077
501,10,0.539852289689233,-0.013962997378693442,0.25,0,2,0.0,1,0.5,2,50,0.25002019828690664,0.6066681108710825
502,5,0.7309091141295146,0.5709906514479797,0.75,1,1,0.5,1,0.5,2,50,0.5768941015186516,0.8452667218168405
503,5,0.5993960401555198,-1.6237293236331012,0.5,0,1,0.0,1,0.5,2,30,0.7512297107463021,0.816367518439346
504,5,0.5630946618674558,0.45919451941553335,0.75,3,1,0.5,1,0.5,2,50,0.3194317792988558,0.3877381464991297
505,5,0.563327972439655,0.37847615140930946,0.75,3,1,0.0,1,0.0,2,100,0.7634255563961023,0.90597288525954
506,5,0.768376722832645,0.47224519524940856,0.75,3,0,0.5,1,0.0,2,30,0.4733934864577383,0.2676274969140858
507,10,0.8518149480593946,0.17236452790306434,0.75,3,0,0.5,1,0.5,2,30,0.4750475266894491,0.38616291320221946
508,5,0.5940540881560945,0.2611145986296207,0.75,3,1,0.5,1,0.0,2,50,0.3313682136293172,0.9311186646788551
509,5,0.7182410494769103,0.7041230591564397,0.75,1,0,0.5,1,0.5,2,50,0.7570548405227603,0.24363027547817964
510,5,0.5698825945583896,-26.450631614720148,0.5,3,1,0.0,1,0.0,2,30,0.4578934226954091,0.472087752851759
511,5,0.33393521723808617,-0.31698729010564963,0.5,1,1,0.0,1,0.5,2,100,0.854820677356678,0.586717961259609
512,10,0.6443963397155599,-2.1725928234897913,0.75,3,2,0.0,1,0.0,2,30,0.5413679807993088,0.3423610628015841
513,5,0.4521465640703475,0.27520250861685114,0.25,0,1,0.5,1,0.5,2,50,0.7974811294365888,0.6367140153817382
514,10,0.8273763332605145,0.6458594787106631,0.5,1,2,0.5,1,0.5,2,30,0.5868146897924911,0.5225063438207469
515,5,0.42101719976423235,0.1694020910086137,0.5,0,1,0.5,1,0.0,2,100,0.3721729118350048,0.20651006907359282
516,2,0.2015746106062879,-0.023241504719938355,0.5,1,0,0.5,1,0.0,2,100,0.5798260780504269,0.876468191905622
517,5,0.38069312278779643,0.1469518570692353,0.25,0,0,0.5,1,0.5,2,100,0.7237060385916277,0.35316003832281023
518,5,0.2668984770271875,-0.077820061943777,0.25,1,1,0.5,1,0.5,2,100,0.7502735766306178,0.6919701777424083
519,2,0.8516684380548639,0.7572046044247365,0.75,1,0,0.5,1,0.5,2,30,0.9777179831593803,0.6790055290276891
520,10,0.7501206799926322,0.02480749835571605,0.75,0,0,0.5,1,0.5,2,50,0.7033596678646794,0.14092365470441648
521,5,0.6691246180345523,0.37986015132513584,0.75,3,1,0.5,1,0.5,2,30,0.8440891998376034,0.4242093699593545
522,5,0.6928092201597718,-0.3487916339240549,0.25,1,0,0.5,1,0.5,2,30,0.8345360911735241,0.6757149694695073
523,5,0.7675092560075375,0.6434157307711934,0.75,0,1,0.5,1,0.5,2,100,0.9928820036185211,0.08362324564935683
524,5,0.8247608842329227,0.2063981682211118,0.75,0,2,0.5,1,0.0,2,30,0.9613959677312713,0.8308850469810648
525,5,0.822015105355453,0.3940033162085782,0.75,3,0,0.5,1,0.5,2,50,0.9437426584612004,0.06446100714479448
526,2,0.35634513523662137,-0.156528073249391,0.75,1,0,0.5,1,0.5,2,100,0.3964175785008507,0.3597279871928065
527,5,0.5998599318917267,-2.4535308167463232,0.25,1,1,0.0,1,0.0,2,50,0.3803366210999717,0.4910927034569511
528,10,0.7391085394180019,0.34838383418113594,0.75,0,0,0.5,1,0.0,2,50,0.8073487559717345,0.4667405943964771
529,10,0.6984324047462381,0.15381386348530313,0.5,0,2,0.5,1,0.5,2,50,0.7824587995261378,0.33800169625795917
530,10,0.5618143028697528,0.5671276220036675,0.75,1,2,0.0,1,0.0,2,100,0.7350690155200501,0.20523900680159804
531,2,0.36748441369147666,-0.04826945514394376,0.5,1,0,0.5,1,0.5,2,50,0.7038610138621717,0.9253204442146148
532,2,0.46862619577435416,-0.23024131677816606,0.5,1,0,0.5,1,0.5,2,50,0.9575662721341094,0.8098075738949794
533,10,0.6942459897314299,0.0627030585615651,0.75,1,0,0.0,1,0.0,2,30,0.8945361556295394,0.36098152015464074
534,5,0.7732555438760944,-0.5691740940548904,0.5,3,2,0.5,1,0.5,2,30,0.7763767612945726,0.5333724637830657
535,10,0.6785982880502399,-1.1363781070331584,0.5,1,1,0.5,1,0.0,2,30,0.6799312475480798,0.25091524444009655
536,10,0.6334006739841981,0.23363866120490695,0.75,3,1,0.0,1,0.5,2,100,0.6643913710488502,0.44523488035446857
537,5,0.74645440791417,-0.11377647264625712,0.5,3,2,0.5,1,0.5,2,30,0.6848154885394289,0.9653532110011316
538,5,0.6990874500330637,0.7196684648347949,0.75,1,1,0.5,1,0.5,2,50,0.6927451635177473,0.30114814769474657
539,5,0.7406395688895964,-0.2598182157695572,0.5,3,1,0.5,1,0.5,2,50,0.6730066116309942,0.35359081433251643
540,10,0.6452452514379811,-0.01321121467158215,0.75,3,2,0.5,1,0.0,2,50,0.7322544170522843,0.24833462876065424
541,10,0.42762346572937926,0.2098979275218753,0.5,0,0,0.0,1,0.5,2,100,0.9118024521529576,0.291944524338946
542,5,0.6762029468829532,-3.356140696861618,0.5,0,2,0.5,1,0.0,2,30,0.8148192312070907,0.7633642918270407
543,10,0.8622830969297032,0.5199468062714454,0.75,0,2,0.5,1,0.5,2,30,0.3757152738193975,0.3432538990018547
544,5,0.7538216673416438,0.5700901447487497,0.75,0,1,0.5,1,0.5,2,50,0.4508010249442049,0.2691675939615218
545,10,0.575524693249047,0.2566667687094223,0.25,3,1,0.0,1,0.0,2,30,0.6182822596323002,0.45752223311720397
546,10,0.6637745142721053,-1.0854139256813307,0.25,0,1,0.0,1,0.5,2,30,0.6778911969377246,0.59664561574973
547,2,0.3941497890584764,-13.004462563838672,0.25,0,1,0.0,1,0.5,2,30,0.8792835839113644,0.5816861209477293
548,5,0.6149169044830556,0.4637579121982457,0.5,3,0,0.5,1,0.5,2,50,0.85242926695312,0.556069454163959
549,10,0.7576288318393798,-10.079521718994686,0.75,3,2,0.5,1,0.5,2,30,0.7699413730180127,0.785302188136913
550,10,0.6951869337279195,-2.332344024329938,0.5,0,0,0.5,1,0.5,2,50,0.6573174134356635,0.2887257421892531
551,10,0.71045264666893,0.37772809564381526,0.5,1,2,0.0,1,0.5,2,30,0.5432753563320479,0.4246072416471004
552,5,0.38044852418298813,-0.4585406453692058,0.5,3,2,0.0,1,0.0,2,50,0.8992526791885932,0.32215344721169425
553,2,0.35795155790679467,-0.5954959339688146,0.25,0,0,0.5,1,0.5,2,50,0.8736144934514735,0.9199294398628413
554,5,0.6355333018507987,0.17120503320526048,0.5,1,1,0.5,1,0.5,2,50,0.9785442672682084,0.13045316804861348
555,5,0.8453471972809088,0.8567468633890203,0.75,1,0,0.5,1,0.5,2,50,0.9276902016075899,0.11316329310054864
556,5,0.5854018114966042,-0.027943720930883487,0.75,0,2,0.0,1,0.5,2,100,0.35139100310853816,0.4495276081252469
557,10,0.4157045654345778,0.20580832192611953,0.25,1,0,0.5,1,0.5,2,100,0.21338422178069794,0.40884511874821106
558,2,0.5173820273904821,0.309966519669146,0.25,0,0,0.0,1,0.5,2,30,0.9450240575383767,0.9770743793039341
559,10,0.632343086330869,-0.34803637547784705,0.75,3,0,0.5,1,0.5,2,100,0.562086576423337,0.1530153266769097
560,5,0.6721967658297165,0.39355046252708603,0.75,1,0,0.5,1,0.5,2,100,0.9319843681270544,0.7578960846032315
561,2,0.6192868305490637,-1.7377539465188123,0.75,1,0,0.5,1,0.0,2,50,0.22801680621091688,0.08709262812661739
562,10,0.44242161654089285,0.04876453792508295,0.25,0,1,0.5,1,0.5,2,100,0.2967368998219152,0.8492661449442022
563,10,0.7364920815681646,-5.284926610261162,0.5,1,0,0.0,1,0.5,2,30,0.6119429258226246,0.6056648354262534
564,5,0.5707049903381348,0.26592270719433364,0.75,3,1,0.5,1,0.0,2,50,0.4979837388114576,0.5912201859620576
565,5,0.8415869805232365,0.33888399938937075,0.75,1,1,0.5,1,0.5,2,30,0.7462633832925843,0.5642827839841179
566,10,0.6002510810095876,0.46378799547394367,0.75,0,2,0.5,1,0.0,2,30,0.8759115739956751,0.3508014389735474
567,5,0.44721037483647463,0.06029172855935605,0.5,1,0,0.5,1,0.0,2,100,0.5455329534755811,0.044123644626364374
568,10,0.6152384072680097,-0.02381509025077211,0.5,1,2,0.0,1,0.0,2,50,0.41540495206959704,0.43892804730473334
569,2,0.4788463892125615,0.44688651612077857,0.5,0,1,0.5,1,0.0,2,100,0.8898428517206638,0.06090555575701453
570,10,0.7470856545030906,0.31192921749858316,0.75,1,1,0.0,1,0.0,2,30,0.6614638506837136,0.6388712232934158
571,10,0.6170797146048218,0.5529089566030023,0.75,0,1,0.5,1,0.0,2,100,0.6488892885189679,0.6336538776888868
572,10,0.6872200443486001,-0.5117531592343203,0.75,3,1,0.5,1,0.0,2,30,0.2236762863926783,0.20804257714355026
573,10,0.6468876123887375,0.09277294452261553,0.5,1,1,0.5,1,0.5,2,50,0.3227566692599299,0.4831489916230364
574,5,0.32597879056131074,0.29891583272047373,0.25,0,2,0.5,1,0.5,2,100,0.7082079095337361,0.5670437387296112
575,2,0.8438153754762878,0.4272862540252257,0.75,1,1,0.5,1,0.0,2,30,0.9147040670835437,0.14389675440701585
576,2,0.5517161450529184,-0.032497467044190875,0.25,0,0,0.0,1,0.0,2,30,0.8604221256111295,0.7532247345766392
577,5,0.4283328810218856,-0.2613693226764282,0.5,1,1,0.5,1,0.5,2,50,0.8905243201022922,0.8892997408299821
578,10,0.5035197545848091,0.5852747675628638,0.75,3,2,0.0,1,0.5,2,100,0.3662931259754525,0.29954501576110026
579,2,0.7333469626617347,-5.092982202574772,0.25,1,1,0.5,1,0.5,2,30,0.8079714389298365,0.33323512661058013
580,10,0.6070218541287888,0.11798498820547543,0.5,1,0,0.0,1,0.5,2,50,0.6733042580444003,0.36329037117232216
581,2,0.637182371286027,-1.1706833199882865,0.25,0,0,0.0,1,0.0,2,30,0.7663747525235246,0.5768301221729452
582,5,0.6187160124357505,0.05022604367689221,0.25,3,1,0.5,1,0.5,2,50,0.5910428239347165,0.5871017263672176
583,10,0.6314993954623791,-6.262771251380522,0.25,1,2,0.0,1,0.5,2,30,0.36627973491160043,0.3734768277053188
584,2,0.7478534480221988,0.5274959422537955,0.75,1,1,0.0,1,0.5,2,30,0.9822366178157682,0.7322438010635901
585,10,0.8355319281478761,-4.134490550586595,0.75,1,0,0.5,1,0.0,2,30,0.8809858580762694,0.6578047934780337
586,10,0.6190584912933643,0.20355684995920686,0.75,0,2,0.5,1,0.5,2,30,0.4593578079607698,0.5344407607241551
587,5,0.49134391290463664,0.6190355543777274,0.25,0,2,0.5,1,0.5,2,100,0.8169074504342116,0.7151805948557423
588,5,0.7459423656759465,0.7578865603762082,0.5,1,0,0.0,1,0.0,2,30,0.7698673461730545,0.6812802447579418
589,5,0.2576815918010287,0.0007117634437260323,0.25,1,0,0.0,1,0.5,2,100,0.8124236657197438,0.6069400851841373
590,2,0.798937829477561,0.2355041389542809,0.75,0,1,0.5,1,0.5,2,100,0.9829532179614052,0.9492084211868692
591,5,0.4741195146655408,-0.16626630162784517,0.25,3,1,0.5,1,0.0,2,50,0.662569871644458,0.6845258562779185
592,5,0.8313034781325285,0.7523956123067478,0.75,3,0,0.0,1,0.5,2,30,0.6965060723924517,0.3723915734479454
593,2,0.3479570340028325,-0.051025974337735036,0.5,1,1,0.5,1,0.5,2,100,0.9283590960123792,0.9478065076420896
594,5,0.5389184034055647,-2.2651347163246442,0.25,1,2,0.0,1,0.5,2,50,0.7062168393494191,0.4676015624037661
595,5,0.6926917671282649,0.06984212156717573,0.75,1,2,0.0,1,0.5,2,50,0.5458920510057821,0.12486013910495357
596,5,0.42531578954827165,-0.39217507446703226,0.25,0,0,0.0,1,0.5,2,50,0.5460059305938546,0.8090237976121191
597,5,0.8217810994464416,0.22973737346320355,0.75,0,0,0.5,1,0.0,2,30,0.7427498140610411,0.660565495267021
598,10,0.6740814519278076,0.5631720765467501,0.5,0,0,0.0,1,0.5,2,30,0.9152294164352458,0.2580096735367481
599,10,0.4557294012734199,-0.19585452104558088,0.25,0,1,0.5,1,0.5,2,100,0.3891450242390294,0.4864587223645883
