,,,,,,
, YEAR            ,MONTH       ,NPGO,,,
,1.95E+03,1E+00,-2.1883951E+00,,,
,1.95E+03,2E+00,-1.4458314E+00,,,
,1.95E+03,3E+00,-9.6503568E-01,,,
,1.95E+03,4E+00,-8.5878799E-01,,,
,1.95E+03,5E+00,-6.3408219E-01,,,
,1.95E+03,6E+00,-5.8098428E-01,,,
,1.95E+03,7E+00,-7.4211428E-01,,,
,1.95E+03,8E+00,-5.4938418E-01,,,
,1.95E+03,9E+00,-6.0154498E-01,,,
,1.95E+03,1E+01,1.1943427E-01,,,
,1.95E+03,1.1E+01,-2.5707438E-01,,,
,1.95E+03,1.2E+01,-4.9336649E-01,,,
,1.951E+03,1E+00,-4.7853012E-01,,,
,1.951E+03,2E+00,-4.1382623E-01,,,
,1.951E+03,3E+00,-5.6954018E-01,,,
,1.951E+03,4E+00,-5.6114016E-01,,,
,1.951E+03,5E+00,-1.0714146E+00,,,
,1.951E+03,6E+00,-1.4352384E+00,,,
,1.951E+03,7E+00,-1.1039251E+00,,,
,1.951E+03,8E+00,-1.1748547E+00,,,
,1.951E+03,9E+00,-1.4195152E+00,,,
,1.951E+03,1E+01,-1.0693902E+00,,,
,1.951E+03,1.1E+01,-1.0120413E+00,,,
,1.951E+03,1.2E+01,-1.2247459E+00,,,
,1.952E+03,1E+00,-1.3350548E+00,,,
,1.952E+03,2E+00,-1.0909977E+00,,,
,1.952E+03,3E+00,-6.6951595E-01,,,
,1.952E+03,4E+00,-4.3371917E-01,,,
,1.952E+03,5E+00,-6.2650865E-01,,,
,1.952E+03,6E+00,-9.7265631E-01,,,
,1.952E+03,7E+00,-1.3356465E+00,,,
,1.952E+03,8E+00,-8.9742819E-01,,,
,1.952E+03,9E+00,-5.8261822E-01,,,
,1.952E+03,1E+01,-2.5781197E-01,,,
,1.952E+03,1.1E+01,-3.1621332E-01,,,
,1.952E+03,1.2E+01,8.4508038E-01,,,
,1.953E+03,1E+00,9.4395233E-01,,,
,1.953E+03,2E+00,7.4797162E-01,,,
,1.953E+03,3E+00,1.2173325E+00,,,
,1.953E+03,4E+00,1.2502004E+00,,,
,1.953E+03,5E+00,1.2707073E+00,,,
,1.953E+03,6E+00,1.056728E+00,,,
,1.953E+03,7E+00,1.0407542E+00,,,
,1.953E+03,8E+00,6.189014E-01,,,
,1.953E+03,9E+00,2.9073101E-01,,,
,1.953E+03,1E+01,1.0815173E+00,,,
,1.953E+03,1.1E+01,2.0496203E+00,,,
,1.953E+03,1.2E+01,1.418955E+00,,,
,1.954E+03,1E+00,1.0939573E+00,,,
,1.954E+03,2E+00,1.156514E+00,,,
,1.954E+03,3E+00,7.937343E-02,,,
,1.954E+03,4E+00,-3.7253308E-01,,,
,1.954E+03,5E+00,-1.6404023E-01,,,
,1.954E+03,6E+00,1.7838068E-01,,,
,1.954E+03,7E+00,-3.5203404E-02,,,
,1.954E+03,8E+00,-1.3153747E-01,,,
,1.954E+03,9E+00,-2.6280328E-01,,,
,1.954E+03,1E+01,1.8381241E-01,,,
,1.954E+03,1.1E+01,3.5474005E-01,,,
,1.954E+03,1.2E+01,4.0412547E-01,,,
,1.955E+03,1E+00,3.2620733E-01,,,
,1.955E+03,2E+00,-2.4927549E-01,,,
,1.955E+03,3E+00,-2.159785E-01,,,
,1.955E+03,4E+00,4.07132E-02,,,
,1.955E+03,5E+00,2.6141044E-01,,,
,1.955E+03,6E+00,-1.5894133E-02,,,
,1.955E+03,7E+00,-8.8022544E-02,,,
,1.955E+03,8E+00,2.745267E-01,,,
,1.955E+03,9E+00,-1.1022702E-01,,,
,1.955E+03,1E+01,-5.2419361E-01,,,
,1.955E+03,1.1E+01,-8.0028769E-02,,,
,1.955E+03,1.2E+01,-5.180143E-01,,,
,1.956E+03,1E+00,1.202669E-01,,,
,1.956E+03,2E+00,-1.3795981E-01,,,
,1.956E+03,3E+00,2.2979146E-02,,,
,1.956E+03,4E+00,-3.8234934E-02,,,
,1.956E+03,5E+00,1.4195733E-01,,,
,1.956E+03,6E+00,4.7106723E-01,,,
,1.956E+03,7E+00,4.639145E-01,,,
,1.956E+03,8E+00,5.3975909E-01,,,
,1.956E+03,9E+00,3.0064613E-01,,,
,1.956E+03,1E+01,-5.1508982E-02,,,
,1.956E+03,1.1E+01,-2.2625107E-01,,,
,1.956E+03,1.2E+01,-7.6721175E-01,,,
,1.957E+03,1E+00,-1.2715967E+00,,,
,1.957E+03,2E+00,-1.9587271E+00,,,
,1.957E+03,3E+00,-1.3393664E+00,,,
,1.957E+03,4E+00,-1.2553542E+00,,,
,1.957E+03,5E+00,-1.0382093E+00,,,
,1.957E+03,6E+00,-1.1681711E+00,,,
,1.957E+03,7E+00,-7.5587754E-01,,,
,1.957E+03,8E+00,-9.0544124E-01,,,
,1.957E+03,9E+00,-9.222347E-01,,,
,1.957E+03,1E+01,-1.0286289E+00,,,
,1.957E+03,1.1E+01,-1.407435E+00,,,
,1.957E+03,1.2E+01,-7.1664127E-01,,,
,1.958E+03,1E+00,1.1660279E-01,,,
,1.958E+03,2E+00,1.4663043E-01,,,
,1.958E+03,3E+00,-1.1516998E+00,,,
,1.958E+03,4E+00,-7.1935478E-01,,,
,1.958E+03,5E+00,-8.5098363E-01,,,
,1.958E+03,6E+00,-7.2342443E-01,,,
,1.958E+03,7E+00,-8.6964646E-01,,,
,1.958E+03,8E+00,-6.288164E-01,,,
,1.958E+03,9E+00,-2.0443409E-01,,,
,1.958E+03,1E+01,-5.0880797E-01,,,
,1.958E+03,1.1E+01,-7.7451839E-01,,,
,1.958E+03,1.2E+01,-4.0523129E-01,,,
,1.959E+03,1E+00,1.2278854E-01,,,
,1.959E+03,2E+00,-5.9064476E-01,,,
,1.959E+03,3E+00,-3.9206877E-01,,,
,1.959E+03,4E+00,-4.5130383E-01,,,
,1.959E+03,5E+00,-4.3784908E-01,,,
,1.959E+03,6E+00,-3.7320207E-01,,,
,1.959E+03,7E+00,-3.9649446E-01,,,
,1.959E+03,8E+00,-5.0436494E-01,,,
,1.959E+03,9E+00,7.2659201E-02,,,
,1.959E+03,1E+01,1.3413238E-01,,,
,1.959E+03,1.1E+01,-4.796909E-02,,,
,1.959E+03,1.2E+01,4.2278478E-01,,,
,1.96E+03,1E+00,1.0163805E+00,,,
,1.96E+03,2E+00,8.1857807E-01,,,
,1.96E+03,3E+00,8.6326859E-01,,,
,1.96E+03,4E+00,7.9348216E-01,,,
,1.96E+03,5E+00,9.1892054E-01,,,
,1.96E+03,6E+00,3.1314454E-01,,,
,1.96E+03,7E+00,7.0915221E-01,,,
,1.96E+03,8E+00,4.3794466E-01,,,
,1.96E+03,9E+00,5.2397594E-01,,,
,1.96E+03,1E+01,4.8853548E-01,,,
,1.96E+03,1.1E+01,9.5336825E-01,,,
,1.96E+03,1.2E+01,1.1361285E+00,,,
,1.961E+03,1E+00,1.1032184E+00,,,
,1.961E+03,2E+00,1.3593808E+00,,,
,1.961E+03,3E+00,1.7493986E+00,,,
,1.961E+03,4E+00,9.5715692E-01,,,
,1.961E+03,5E+00,1.4002097E+00,,,
,1.961E+03,6E+00,1.2018429E+00,,,
,1.961E+03,7E+00,1.0626986E+00,,,
,1.961E+03,8E+00,1.0746483E+00,,,
,1.961E+03,9E+00,7.7296683E-01,,,
,1.961E+03,1E+01,3.4873726E-01,,,
,1.961E+03,1.1E+01,2.2058507E-01,,,
,1.961E+03,1.2E+01,3.9737078E-01,,,
,1.962E+03,1E+00,1.7476225E-01,,,
,1.962E+03,2E+00,-1.4977739E-01,,,
,1.962E+03,3E+00,-6.0767641E-01,,,
,1.962E+03,4E+00,-4.7141795E-01,,,
,1.962E+03,5E+00,-7.3901362E-01,,,
,1.962E+03,6E+00,-3.0441143E-01,,,
,1.962E+03,7E+00,-6.2123467E-02,,,
,1.962E+03,8E+00,-3.7063506E-01,,,
,1.962E+03,9E+00,3.3421582E-01,,,
,1.962E+03,1E+01,1.6424001E-01,,,
,1.962E+03,1.1E+01,4.4560527E-01,,,
,1.962E+03,1.2E+01,4.6514247E-01,,,
,1.963E+03,1E+00,-8.1285016E-01,,,
,1.963E+03,2E+00,-2.7996258E-01,,,
,1.963E+03,3E+00,-1.0965502E+00,,,
,1.963E+03,4E+00,-8.1056845E-01,,,
,1.963E+03,5E+00,-4.2822716E-01,,,
,1.963E+03,6E+00,-7.1623806E-01,,,
,1.963E+03,7E+00,-3.6669314E-01,,,
,1.963E+03,8E+00,-1.346054E-01,,,
,1.963E+03,9E+00,1.1978808E-01,,,
,1.963E+03,1E+01,5.0714133E-01,,,
,1.963E+03,1.1E+01,6.6107473E-01,,,
,1.963E+03,1.2E+01,5.4103299E-01,,,
,1.964E+03,1E+00,1.0728952E+00,,,
,1.964E+03,2E+00,2.9248032E-01,,,
,1.964E+03,3E+00,3.5166979E-01,,,
,1.964E+03,4E+00,2.5015275E-01,,,
,1.964E+03,5E+00,2.7190132E-01,,,
,1.964E+03,6E+00,8.8409534E-01,,,
,1.964E+03,7E+00,1.6039742E+00,,,
,1.964E+03,8E+00,7.8188421E-01,,,
,1.964E+03,9E+00,9.1256373E-01,,,
,1.964E+03,1E+01,7.1267229E-01,,,
,1.964E+03,1.1E+01,7.4383372E-02,,,
,1.964E+03,1.2E+01,-6.7944342E-01,,,
,1.965E+03,1E+00,-6.0927069E-01,,,
,1.965E+03,2E+00,-8.375497E-01,,,
,1.965E+03,3E+00,-9.425717E-01,,,
,1.965E+03,4E+00,-8.7943354E-01,,,
,1.965E+03,5E+00,-1.1591951E+00,,,
,1.965E+03,6E+00,-8.3030121E-01,,,
,1.965E+03,7E+00,-6.9218264E-01,,,
,1.965E+03,8E+00,-4.4396173E-01,,,
,1.965E+03,9E+00,-8.5712342E-01,,,
,1.965E+03,1E+01,-6.8304581E-01,,,
,1.965E+03,1.1E+01,-9.1841417E-01,,,
,1.965E+03,1.2E+01,-1.1935027E+00,,,
,1.966E+03,1E+00,-3.2304436E-01,,,
,1.966E+03,2E+00,-1.114448E+00,,,
,1.966E+03,3E+00,-5.9910173E-01,,,
,1.966E+03,4E+00,-1.3692633E+00,,,
,1.966E+03,5E+00,-1.678718E+00,,,
,1.966E+03,6E+00,-1.2637274E+00,,,
,1.966E+03,7E+00,-1.1138805E+00,,,
,1.966E+03,8E+00,-9.7791948E-01,,,
,1.966E+03,9E+00,-7.5325036E-01,,,
,1.966E+03,1E+01,-7.9952865E-01,,,
,1.966E+03,1.1E+01,-9.3839698E-01,,,
,1.966E+03,1.2E+01,-5.4499555E-01,,,
,1.967E+03,1E+00,-7.3605125E-01,,,
,1.967E+03,2E+00,-6.1006085E-01,,,
,1.967E+03,3E+00,-1.1191961E+00,,,
,1.967E+03,4E+00,-8.9138072E-01,,,
,1.967E+03,5E+00,-9.9509831E-01,,,
,1.967E+03,6E+00,-1.252485E+00,,,
,1.967E+03,7E+00,-1.1731513E+00,,,
,1.967E+03,8E+00,-7.5379956E-01,,,
,1.967E+03,9E+00,-5.1677917E-02,,,
,1.967E+03,1E+01,7.1177736E-03,,,
,1.967E+03,1.1E+01,-5.8751481E-01,,,
,1.967E+03,1.2E+01,-2.3339957E-01,,,
,1.968E+03,1E+00,-7.6610972E-01,,,
,1.968E+03,2E+00,-6.258595E-01,,,
,1.968E+03,3E+00,-6.3205407E-01,,,
,1.968E+03,4E+00,-1.1582636E+00,,,
,1.968E+03,5E+00,-1.2594507E+00,,,
,1.968E+03,6E+00,-1.0381912E+00,,,
,1.968E+03,7E+00,-1.0214287E+00,,,
,1.968E+03,8E+00,-9.5952812E-01,,,
,1.968E+03,9E+00,-9.1457811E-01,,,
,1.968E+03,1E+01,-7.3758116E-01,,,
,1.968E+03,1.1E+01,-2.2530564E-01,,,
,1.968E+03,1.2E+01,-8.6887064E-01,,,
,1.969E+03,1E+00,-2.5593478E+00,,,
,1.969E+03,2E+00,-7.369928E-01,,,
,1.969E+03,3E+00,-7.334626E-01,,,
,1.969E+03,4E+00,-1.832465E-01,,,
,1.969E+03,5E+00,-9.0880893E-02,,,
,1.969E+03,6E+00,-7.7551688E-01,,,
,1.969E+03,7E+00,-7.3089032E-01,,,
,1.969E+03,8E+00,-2.3232563E-01,,,
,1.969E+03,9E+00,1.5210575E-02,,,
,1.969E+03,1E+01,2.8993968E-01,,,
,1.969E+03,1.1E+01,-4.127024E-02,,,
,1.969E+03,1.2E+01,1.1272413E+00,,,
,1.97E+03,1E+00,-1.9163922E-01,,,
,1.97E+03,2E+00,-3.2133677E-01,,,
,1.97E+03,3E+00,-4.1263578E-01,,,
,1.97E+03,4E+00,-2.2177049E-01,,,
,1.97E+03,5E+00,4.8417772E-01,,,
,1.97E+03,6E+00,3.7084586E-01,,,
,1.97E+03,7E+00,2.7240294E-01,,,
,1.97E+03,8E+00,4.1332336E-01,,,
,1.97E+03,9E+00,3.9857819E-01,,,
,1.97E+03,1E+01,2.2630739E-01,,,
,1.97E+03,1.1E+01,-2.1421458E-01,,,
,1.97E+03,1.2E+01,-7.1520774E-02,,,
,1.971E+03,1E+00,-2.0162668E-01,,,
,1.971E+03,2E+00,5.9600681E-02,,,
,1.971E+03,3E+00,4.5392927E-01,,,
,1.971E+03,4E+00,8.5376876E-01,,,
,1.971E+03,5E+00,4.9495693E-01,,,
,1.971E+03,6E+00,4.1262019E-01,,,
,1.971E+03,7E+00,7.9092532E-01,,,
,1.971E+03,8E+00,7.0605099E-01,,,
,1.971E+03,9E+00,5.2842538E-01,,,
,1.971E+03,1E+01,3.306484E-01,,,
,1.971E+03,1.1E+01,1.8247128E-01,,,
,1.971E+03,1.2E+01,-2.7959273E-02,,,
,1.972E+03,1E+00,-5.305133E-01,,,
,1.972E+03,2E+00,-4.0844138E-01,,,
,1.972E+03,3E+00,-6.9411044E-01,,,
,1.972E+03,4E+00,-6.8113067E-01,,,
,1.972E+03,5E+00,-7.4738833E-01,,,
,1.972E+03,6E+00,-7.609987E-01,,,
,1.972E+03,7E+00,-3.2239863E-01,,,
,1.972E+03,8E+00,-4.2736154E-01,,,
,1.972E+03,9E+00,-9.2539715E-01,,,
,1.972E+03,1E+01,-1.0954562E+00,,,
,1.972E+03,1.1E+01,-5.5620606E-01,,,
,1.972E+03,1.2E+01,-7.6224231E-01,,,
,1.973E+03,1E+00,-4.8363215E-02,,,
,1.973E+03,2E+00,-5.0339577E-01,,,
,1.973E+03,3E+00,-7.2347531E-02,,,
,1.973E+03,4E+00,-5.0589071E-02,,,
,1.973E+03,5E+00,2.5466121E-01,,,
,1.973E+03,6E+00,5.1442802E-01,,,
,1.973E+03,7E+00,3.2357245E-01,,,
,1.973E+03,8E+00,1.6718172E-01,,,
,1.973E+03,9E+00,3.572996E-01,,,
,1.973E+03,1E+01,3.5027916E-01,,,
,1.973E+03,1.1E+01,-1.1299269E-01,,,
,1.973E+03,1.2E+01,3.3929289E-01,,,
,1.974E+03,1E+00,-1.0033867E+00,,,
,1.974E+03,2E+00,-3.8642797E-01,,,
,1.974E+03,3E+00,-2.6205274E-02,,,
,1.974E+03,4E+00,1.4818799E-02,,,
,1.974E+03,5E+00,-1.6634801E-01,,,
,1.974E+03,6E+00,2.1918141E-01,,,
,1.974E+03,7E+00,3.7670197E-01,,,
,1.974E+03,8E+00,2.6162988E-01,,,
,1.974E+03,9E+00,-1.6775789E-01,,,
,1.974E+03,1E+01,7.4986156E-03,,,
,1.974E+03,1.1E+01,4.270522E-02,,,
,1.974E+03,1.2E+01,7.1586735E-01,,,
,1.975E+03,1E+00,6.3875186E-01,,,
,1.975E+03,2E+00,9.8490837E-01,,,
,1.975E+03,3E+00,7.158461E-01,,,
,1.975E+03,4E+00,6.4921899E-01,,,
,1.975E+03,5E+00,7.1586507E-01,,,
,1.975E+03,6E+00,4.5778814E-01,,,
,1.975E+03,7E+00,5.1100819E-01,,,
,1.975E+03,8E+00,1.0259992E+00,,,
,1.975E+03,9E+00,5.7322177E-01,,,
,1.975E+03,1E+01,9.5649585E-01,,,
,1.975E+03,1.1E+01,1.273857E+00,,,
,1.975E+03,1.2E+01,1.0790459E+00,,,
,1.976E+03,1E+00,1.0782443E+00,,,
,1.976E+03,2E+00,1.1829994E+00,,,
,1.976E+03,3E+00,1.6799048E+00,,,
,1.976E+03,4E+00,2.4363156E+00,,,
,1.976E+03,5E+00,2.1807639E+00,,,
,1.976E+03,6E+00,2.0671275E+00,,,
,1.976E+03,7E+00,2.2670345E+00,,,
,1.976E+03,8E+00,2.4363637E+00,,,
,1.976E+03,9E+00,2.4321414E+00,,,
,1.976E+03,1E+01,1.6933671E+00,,,
,1.976E+03,1.1E+01,1.5746724E+00,,,
,1.976E+03,1.2E+01,1.3296016E+00,,,
,1.977E+03,1E+00,1.3217052E+00,,,
,1.977E+03,2E+00,1.9341241E+00,,,
,1.977E+03,3E+00,1.699481E+00,,,
,1.977E+03,4E+00,1.396454E+00,,,
,1.977E+03,5E+00,1.0719304E+00,,,
,1.977E+03,6E+00,9.2382978E-01,,,
,1.977E+03,7E+00,1.0368123E+00,,,
,1.977E+03,8E+00,1.2847436E+00,,,
,1.977E+03,9E+00,7.6644075E-01,,,
,1.977E+03,1E+01,1.2530538E+00,,,
,1.977E+03,1.1E+01,1.4486669E+00,,,
,1.977E+03,1.2E+01,8.5400226E-01,,,
,1.978E+03,1E+00,1.2148573E+00,,,
,1.978E+03,2E+00,1.2447465E+00,,,
,1.978E+03,3E+00,6.1619694E-01,,,
,1.978E+03,4E+00,4.5326294E-01,,,
,1.978E+03,5E+00,5.867699E-01,,,
,1.978E+03,6E+00,3.8409043E-01,,,
,1.978E+03,7E+00,4.2586012E-01,,,
,1.978E+03,8E+00,8.6398498E-01,,,
,1.978E+03,9E+00,1.2864755E+00,,,
,1.978E+03,1E+01,3.5159373E-01,,,
,1.978E+03,1.1E+01,-2.5888401E-01,,,
,1.978E+03,1.2E+01,-1.1153547E+00,,,
,1.979E+03,1E+00,-5.1478626E-01,,,
,1.979E+03,2E+00,-2.3329146E-01,,,
,1.979E+03,3E+00,-6.2883688E-01,,,
,1.979E+03,4E+00,-1.034361E+00,,,
,1.979E+03,5E+00,-7.8180605E-01,,,
,1.979E+03,6E+00,-8.2272109E-01,,,
,1.979E+03,7E+00,-1.1482481E+00,,,
,1.979E+03,8E+00,-1.2509887E+00,,,
,1.979E+03,9E+00,-7.8481409E-01,,,
,1.979E+03,1E+01,-6.129027E-01,,,
,1.979E+03,1.1E+01,-4.9207198E-01,,,
,1.979E+03,1.2E+01,-5.4143459E-01,,,
,1.98E+03,1E+00,-1.9028722E+00,,,
,1.98E+03,2E+00,-1.7223209E+00,,,
,1.98E+03,3E+00,-1.1510684E+00,,,
,1.98E+03,4E+00,-6.5782108E-02,,,
,1.98E+03,5E+00,-2.1080144E-01,,,
,1.98E+03,6E+00,-6.8274075E-01,,,
,1.98E+03,7E+00,-9.904321E-01,,,
,1.98E+03,8E+00,-1.0831368E+00,,,
,1.98E+03,9E+00,-6.9690748E-01,,,
,1.98E+03,1E+01,-6.6023382E-02,,,
,1.98E+03,1.1E+01,-1.3450486E-01,,,
,1.98E+03,1.2E+01,-2.8269689E-01,,,
,1.981E+03,1E+00,-2.6440728E-01,,,
,1.981E+03,2E+00,-1.0577437E+00,,,
,1.981E+03,3E+00,-6.9053925E-01,,,
,1.981E+03,4E+00,-6.2670428E-01,,,
,1.981E+03,5E+00,1.9965579E-01,,,
,1.981E+03,6E+00,8.8193234E-03,,,
,1.981E+03,7E+00,-5.2605658E-01,,,
,1.981E+03,8E+00,-6.9772961E-01,,,
,1.981E+03,9E+00,2.9768997E-03,,,
,1.981E+03,1E+01,-2.8779399E-01,,,
,1.981E+03,1.1E+01,7.5622012E-01,,,
,1.981E+03,1.2E+01,5.2121581E-01,,,
,1.982E+03,1E+00,-1.9996038E-01,,,
,1.982E+03,2E+00,-8.7346295E-01,,,
,1.982E+03,3E+00,-6.2067405E-01,,,
,1.982E+03,4E+00,-1.0710987E+00,,,
,1.982E+03,5E+00,-9.9310639E-01,,,
,1.982E+03,6E+00,-8.476034E-01,,,
,1.982E+03,7E+00,-6.1058107E-01,,,
,1.982E+03,8E+00,-4.5697363E-01,,,
,1.982E+03,9E+00,-4.5956735E-01,,,
,1.982E+03,1E+01,-1.0067379E+00,,,
,1.982E+03,1.1E+01,-8.6607015E-01,,,
,1.982E+03,1.2E+01,-2.344606E-01,,,
,1.983E+03,1E+00,6.0465531E-01,,,
,1.983E+03,2E+00,4.7395959E-01,,,
,1.983E+03,3E+00,4.3032064E-01,,,
,1.983E+03,4E+00,-7.2051521E-01,,,
,1.983E+03,5E+00,-7.4396599E-01,,,
,1.983E+03,6E+00,-7.6887309E-02,,,
,1.983E+03,7E+00,-4.863779E-02,,,
,1.983E+03,8E+00,-1.0007802E-02,,,
,1.983E+03,9E+00,-4.0973575E-01,,,
,1.983E+03,1E+01,-4.8714715E-01,,,
,1.983E+03,1.1E+01,5.6100833E-01,,,
,1.983E+03,1.2E+01,-6.778232E-01,,,
,1.984E+03,1E+00,-2.1510063E-01,,,
,1.984E+03,2E+00,4.0077926E-01,,,
,1.984E+03,3E+00,7.1907062E-01,,,
,1.984E+03,4E+00,1.1599523E+00,,,
,1.984E+03,5E+00,9.8165596E-01,,,
,1.984E+03,6E+00,7.3748025E-01,,,
,1.984E+03,7E+00,4.158185E-01,,,
,1.984E+03,8E+00,3.6820697E-01,,,
,1.984E+03,9E+00,8.2303277E-01,,,
,1.984E+03,1E+01,9.4333701E-01,,,
,1.984E+03,1.1E+01,8.6247744E-01,,,
,1.984E+03,1.2E+01,2.5228999E-01,,,
,1.985E+03,1E+00,3.2392518E-01,,,
,1.985E+03,2E+00,-6.4661941E-02,,,
,1.985E+03,3E+00,2.3143699E-01,,,
,1.985E+03,4E+00,3.1925946E-01,,,
,1.985E+03,5E+00,1.5633692E-01,,,
,1.985E+03,6E+00,-4.4718164E-02,,,
,1.985E+03,7E+00,1.7832952E-01,,,
,1.985E+03,8E+00,-2.3258976E-01,,,
,1.985E+03,9E+00,-9.3626777E-01,,,
,1.985E+03,1E+01,-1.1832549E+00,,,
,1.985E+03,1.1E+01,-1.793918E+00,,,
,1.985E+03,1.2E+01,-1.6806901E+00,,,
,1.986E+03,1E+00,-7.685944E-01,,,
,1.986E+03,2E+00,-1.4491836E+00,,,
,1.986E+03,3E+00,-4.6623733E-01,,,
,1.986E+03,4E+00,-9.6677631E-01,,,
,1.986E+03,5E+00,-4.9841159E-01,,,
,1.986E+03,6E+00,-6.6585381E-01,,,
,1.986E+03,7E+00,-9.4142243E-01,,,
,1.986E+03,8E+00,-1.0182601E+00,,,
,1.986E+03,9E+00,-7.68198E-01,,,
,1.986E+03,1E+01,-2.937993E-01,,,
,1.986E+03,1.1E+01,-5.0124606E-01,,,
,1.986E+03,1.2E+01,-4.5618453E-01,,,
,1.987E+03,1E+00,6.8659838E-01,,,
,1.987E+03,2E+00,7.675583E-01,,,
,1.987E+03,3E+00,2.8541378E-01,,,
,1.987E+03,4E+00,4.7076848E-01,,,
,1.987E+03,5E+00,2.7433927E-01,,,
,1.987E+03,6E+00,3.9440557E-01,,,
,1.987E+03,7E+00,4.2619958E-01,,,
,1.987E+03,8E+00,3.395003E-01,,,
,1.987E+03,9E+00,1.7022806E-01,,,
,1.987E+03,1E+01,1.2124511E-01,,,
,1.987E+03,1.1E+01,5.2151727E-01,,,
,1.987E+03,1.2E+01,6.9232265E-01,,,
,1.988E+03,1E+00,1.105185E+00,,,
,1.988E+03,2E+00,7.9684971E-01,,,
,1.988E+03,3E+00,9.6814878E-01,,,
,1.988E+03,4E+00,1.5734973E+00,,,
,1.988E+03,5E+00,1.7784138E+00,,,
,1.988E+03,6E+00,1.7426903E+00,,,
,1.988E+03,7E+00,1.7248738E+00,,,
,1.988E+03,8E+00,1.3928516E+00,,,
,1.988E+03,9E+00,1.31624E+00,,,
,1.988E+03,1E+01,1.4868884E+00,,,
,1.988E+03,1.1E+01,1.2427056E+00,,,
,1.988E+03,1.2E+01,7.5529687E-01,,,
,1.989E+03,1E+00,1.3125811E+00,,,
,1.989E+03,2E+00,6.6174412E-01,,,
,1.989E+03,3E+00,9.2933697E-01,,,
,1.989E+03,4E+00,7.8376127E-01,,,
,1.989E+03,5E+00,5.8351058E-01,,,
,1.989E+03,6E+00,5.221062E-01,,,
,1.989E+03,7E+00,1.2640097E+00,,,
,1.989E+03,8E+00,6.6697628E-01,,,
,1.989E+03,9E+00,6.5426137E-01,,,
,1.989E+03,1E+01,4.4178705E-01,,,
,1.989E+03,1.1E+01,-3.0061121E-01,,,
,1.989E+03,1.2E+01,-1.7257603E-01,,,
,1.99E+03,1E+00,2.687734E-01,,,
,1.99E+03,2E+00,-2.8017566E-01,,,
,1.99E+03,3E+00,6.5271548E-01,,,
,1.99E+03,4E+00,2.4156556E-01,,,
,1.99E+03,5E+00,-9.6055435E-02,,,
,1.99E+03,6E+00,-6.5433778E-02,,,
,1.99E+03,7E+00,-2.5829866E-01,,,
,1.99E+03,8E+00,-3.3040579E-01,,,
,1.99E+03,9E+00,-1.5925639E-01,,,
,1.99E+03,1E+01,-1.2022116E-01,,,
,1.99E+03,1.1E+01,-7.3895202E-01,,,
,1.99E+03,1.2E+01,-1.532809E+00,,,
,1.991E+03,1E+00,-7.4421842E-01,,,
,1.991E+03,2E+00,-3.0453129E-01,,,
,1.991E+03,3E+00,-8.0698494E-01,,,
,1.991E+03,4E+00,-2.0643753E-01,,,
,1.991E+03,5E+00,-5.9529254E-02,,,
,1.991E+03,6E+00,-3.8776968E-01,,,
,1.991E+03,7E+00,-4.794923E-01,,,
,1.991E+03,8E+00,-5.7405316E-01,,,
,1.991E+03,9E+00,-9.4857557E-01,,,
,1.991E+03,1E+01,-1.0900901E+00,,,
,1.991E+03,1.1E+01,-1.7231725E-01,,,
,1.991E+03,1.2E+01,-2.1297704E-01,,,
,1.992E+03,1E+00,4.9307736E-01,,,
,1.992E+03,2E+00,-4.5653143E-01,,,
,1.992E+03,3E+00,-8.2080177E-01,,,
,1.992E+03,4E+00,-1.4336134E+00,,,
,1.992E+03,5E+00,-1.7956172E+00,,,
,1.992E+03,6E+00,-1.3506516E+00,,,
,1.992E+03,7E+00,-1.4624325E+00,,,
,1.992E+03,8E+00,-1.2474734E+00,,,
,1.992E+03,9E+00,-9.4662956E-01,,,
,1.992E+03,1E+01,-9.6898904E-01,,,
,1.992E+03,1.1E+01,-1.2806748E+00,,,
,1.992E+03,1.2E+01,-1.8686891E+00,,,
,1.993E+03,1E+00,-2.8169835E+00,,,
,1.993E+03,2E+00,-2.1408178E+00,,,
,1.993E+03,3E+00,-1.7419109E+00,,,
,1.993E+03,4E+00,-7.5883626E-01,,,
,1.993E+03,5E+00,-1.0894275E+00,,,
,1.993E+03,6E+00,-1.6821039E+00,,,
,1.993E+03,7E+00,-1.6785552E+00,,,
,1.993E+03,8E+00,-1.5143229E+00,,,
,1.993E+03,9E+00,-2.0474347E+00,,,
,1.993E+03,1E+01,-2.3542966E+00,,,
,1.993E+03,1.1E+01,-2.9986692E+00,,,
,1.993E+03,1.2E+01,-2.0005526E+00,,,
,1.994E+03,1E+00,-1.8540143E+00,,,
,1.994E+03,2E+00,-1.9786652E+00,,,
,1.994E+03,3E+00,-1.8557886E+00,,,
,1.994E+03,4E+00,-1.4470739E+00,,,
,1.994E+03,5E+00,-3.0135894E-01,,,
,1.994E+03,6E+00,-6.1160343E-01,,,
,1.994E+03,7E+00,-7.1112965E-01,,,
,1.994E+03,8E+00,-8.5876787E-01,,,
,1.994E+03,9E+00,-1.1048639E+00,,,
,1.994E+03,1E+01,-1.1107256E+00,,,
,1.994E+03,1.1E+01,-1.6884391E+00,,,
,1.994E+03,1.2E+01,-1.0167549E+00,,,
,1.995E+03,1E+00,-4.9903343E-01,,,
,1.995E+03,2E+00,-1.5608722E+00,,,
,1.995E+03,3E+00,-2.0546501E+00,,,
,1.995E+03,4E+00,-1.8249588E+00,,,
,1.995E+03,5E+00,-1.5042438E+00,,,
,1.995E+03,6E+00,-1.0479894E+00,,,
,1.995E+03,7E+00,-1.4994407E+00,,,
,1.995E+03,8E+00,-1.0060149E+00,,,
,1.995E+03,9E+00,-8.9392105E-01,,,
,1.995E+03,1E+01,-5.1771379E-01,,,
,1.995E+03,1.1E+01,-2.774263E-01,,,
,1.995E+03,1.2E+01,2.1576192E-01,,,
,1.996E+03,1E+00,-6.3897712E-01,,,
,1.996E+03,2E+00,-1.0529048E+00,,,
,1.996E+03,3E+00,-1.1487637E+00,,,
,1.996E+03,4E+00,-4.3611656E-01,,,
,1.996E+03,5E+00,-1.2747659E+00,,,
,1.996E+03,6E+00,-1.0600342E+00,,,
,1.996E+03,7E+00,-8.8413569E-01,,,
,1.996E+03,8E+00,-7.4825013E-01,,,
,1.996E+03,9E+00,-9.3392844E-01,,,
,1.996E+03,1E+01,-1.0410775E+00,,,
,1.996E+03,1.1E+01,-1.1001672E+00,,,
,1.996E+03,1.2E+01,-1.3549181E+00,,,
,1.997E+03,1E+00,-1.6402249E+00,,,
,1.997E+03,2E+00,-1.1130951E+00,,,
,1.997E+03,3E+00,-6.1802828E-01,,,
,1.997E+03,4E+00,-5.061382E-01,,,
,1.997E+03,5E+00,-8.7719416E-01,,,
,1.997E+03,6E+00,-9.3839334E-01,,,
,1.997E+03,7E+00,-7.7236159E-01,,,
,1.997E+03,8E+00,-7.858272E-01,,,
,1.997E+03,9E+00,-4.8147621E-01,,,
,1.997E+03,1E+01,-5.9425899E-01,,,
,1.997E+03,1.1E+01,1.7402893E-01,,,
,1.997E+03,1.2E+01,2.6068165E-01,,,
,1.998E+03,1E+00,5.2791423E-01,,,
,1.998E+03,2E+00,1.9000587E+00,,,
,1.998E+03,3E+00,8.9331784E-01,,,
,1.998E+03,4E+00,5.2151313E-01,,,
,1.998E+03,5E+00,2.7758158E-01,,,
,1.998E+03,6E+00,1.1902247E-01,,,
,1.998E+03,7E+00,3.9316174E-01,,,
,1.998E+03,8E+00,2.7265688E-01,,,
,1.998E+03,9E+00,4.4480388E-02,,,
,1.998E+03,1E+01,9.8751134E-02,,,
,1.998E+03,1.1E+01,7.1735091E-01,,,
,1.998E+03,1.2E+01,7.6883039E-01,,,
,1.999E+03,1E+00,1.0828257E+00,,,
,1.999E+03,2E+00,2.3041594E+00,,,
,1.999E+03,3E+00,1.9742975E+00,,,
,1.999E+03,4E+00,1.6464381E+00,,,
,1.999E+03,5E+00,1.6045933E+00,,,
,1.999E+03,6E+00,1.9053233E+00,,,
,1.999E+03,7E+00,1.3811213E+00,,,
,1.999E+03,8E+00,1.4334654E+00,,,
,1.999E+03,9E+00,1.3049656E+00,,,
,1.999E+03,1E+01,1.1788208E+00,,,
,1.999E+03,1.1E+01,1.3205504E+00,,,
,1.999E+03,1.2E+01,1.0528054E+00,,,
,2E+03,1E+00,1.4045384E+00,,,
,2E+03,2E+00,2.1235311E+00,,,
,2E+03,3E+00,2.1492677E+00,,,
,2E+03,4E+00,2.3652705E+00,,,
,2E+03,5E+00,2.220292E+00,,,
,2E+03,6E+00,2.1020662E+00,,,
,2E+03,7E+00,1.655785E+00,,,
,2E+03,8E+00,1.3516272E+00,,,
,2E+03,9E+00,1.3801795E+00,,,
,2E+03,1E+01,1.6981881E+00,,,
,2E+03,1.1E+01,2.0145948E+00,,,
,2E+03,1.2E+01,2.164995E+00,,,
,2.001E+03,1E+00,2.8619328E+00,,,
,2.001E+03,2E+00,2.9560468E+00,,,
,2.001E+03,3E+00,2.388775E+00,,,
,2.001E+03,4E+00,2.2039413E+00,,,
,2.001E+03,5E+00,1.9538953E+00,,,
,2.001E+03,6E+00,2.349303E+00,,,
,2.001E+03,7E+00,1.5004872E+00,,,
,2.001E+03,8E+00,1.9150242E+00,,,
,2.001E+03,9E+00,1.8929954E+00,,,
,2.001E+03,1E+01,1.1619115E+00,,,
,2.001E+03,1.1E+01,1.7645249E+00,,,
,2.001E+03,1.2E+01,2.0194831E+00,,,
,2.002E+03,1E+00,1.8641573E+00,,,
,2.002E+03,2E+00,2.1773568E+00,,,
,2.002E+03,3E+00,1.8982763E+00,,,
,2.002E+03,4E+00,8.9742216E-01,,,
,2.002E+03,5E+00,1.102573E+00,,,
,2.002E+03,6E+00,1.6053913E+00,,,
,2.002E+03,7E+00,1.3822965E+00,,,
,2.002E+03,8E+00,8.1184355E-01,,,
,2.002E+03,9E+00,8.2441109E-01,,,
,2.002E+03,1E+01,8.2363712E-01,,,
,2.002E+03,1.1E+01,1.6592152E+00,,,
,2.002E+03,1.2E+01,2.6365472E+00,,,
,2.003E+03,1E+00,1.9691832E+00,,,
,2.003E+03,2E+00,9.9256558E-01,,,
,2.003E+03,3E+00,1.4907114E+00,,,
,2.003E+03,4E+00,1.1017217E+00,,,
,2.003E+03,5E+00,9.192588E-01,,,
,2.003E+03,6E+00,7.7769152E-01,,,
,2.003E+03,7E+00,1.2024408E+00,,,
,2.003E+03,8E+00,7.8228794E-01,,,
,2.003E+03,9E+00,8.692253E-01,,,
,2.003E+03,1E+01,1.286991E+00,,,
,2.003E+03,1.1E+01,-1.1436786E-01,,,
,2.003E+03,1.2E+01,2.2437689E-01,,,
,2.004E+03,1E+00,2.6501486E-01,,,
,2.004E+03,2E+00,6.6722957E-01,,,
,2.004E+03,3E+00,3.8293237E-01,,,
,2.004E+03,4E+00,1.2524921E-01,,,
,2.004E+03,5E+00,2.0735337E-01,,,
,2.004E+03,6E+00,7.7647507E-01,,,
,2.004E+03,7E+00,4.1156805E-01,,,
,2.004E+03,8E+00,6.8538324E-01,,,
,2.004E+03,9E+00,3.7640228E-01,,,
,2.004E+03,1E+01,4.2904182E-02,,,
,2.004E+03,1.1E+01,-4.4177726E-01,,,
,2.004E+03,1.2E+01,-9.8521195E-01,,,
,2.005E+03,1E+00,-1.658495E+00,,,
,2.005E+03,2E+00,-1.4948708E+00,,,
,2.005E+03,3E+00,-1.4866191E+00,,,
,2.005E+03,4E+00,-1.6856388E+00,,,
,2.005E+03,5E+00,-7.8952824E-01,,,
,2.005E+03,6E+00,-1.2838288E+00,,,
,2.005E+03,7E+00,-1.6634296E+00,,,
,2.005E+03,8E+00,-1.1301204E+00,,,
,2.005E+03,9E+00,-1.5725517E+00,,,
,2.005E+03,1E+01,-8.8912168E-01,,,
,2.005E+03,1.1E+01,-1.6606414E+00,,,
,2.005E+03,1.2E+01,-1.2525514E+00,,,
,2.006E+03,1E+00,-6.4599122E-01,,,
,2.006E+03,2E+00,-1.0694347E+00,,,
,2.006E+03,3E+00,-7.0992726E-01,,,
,2.006E+03,4E+00,-5.6588893E-01,,,
,2.006E+03,5E+00,-1.2194259E-01,,,
,2.006E+03,6E+00,-1.2747487E-01,,,
,2.006E+03,7E+00,-4.9903284E-01,,,
,2.006E+03,8E+00,-3.6663439E-01,,,
,2.006E+03,9E+00,-3.3957171E-01,,,
,2.006E+03,1E+01,-1.0490722E+00,,,
,2.006E+03,1.1E+01,-9.9593322E-01,,,
,2.006E+03,1.2E+01,-1.5556898E-01,,,
,2.007E+03,1E+00,-4.1231314E-01,,,
,2.007E+03,2E+00,-1.3701057E-01,,,
,2.007E+03,3E+00,-5.4937636E-01,,,
,2.007E+03,4E+00,2.6062231E-01,,,
,2.007E+03,5E+00,6.9161135E-01,,,
,2.007E+03,6E+00,1.2322548E+00,,,
,2.007E+03,7E+00,1.2293291E+00,,,
,2.007E+03,8E+00,1.4400573E+00,,,
,2.007E+03,9E+00,9.0904047E-01,,,
,2.007E+03,1E+01,1.268781E+00,,,
,2.007E+03,1.1E+01,7.2848516E-01,,,
,2.007E+03,1.2E+01,4.576465E-01,,,
,2.008E+03,1E+00,5.5559535E-01,,,
,2.008E+03,2E+00,1.1353947E+00,,,
,2.008E+03,3E+00,1.3742118E+00,,,
,2.008E+03,4E+00,1.3956119E+00,,,
,2.008E+03,5E+00,1.7381006E+00,,,
,2.008E+03,6E+00,1.2784121E+00,,,
,2.008E+03,7E+00,1.4275373E+00,,,
,2.008E+03,8E+00,2.1438271E+00,,,
,2.008E+03,9E+00,2.2271197E+00,,,
,2.008E+03,1E+01,1.7656263E+00,,,
,2.008E+03,1.1E+01,1.9696127E+00,,,
,2.008E+03,1.2E+01,4.4878735E-01,,,
,2.009E+03,1E+00,7.2178141E-01,,,
,2.009E+03,2E+00,9.0853572E-01,,,
,2.009E+03,3E+00,3.3069035E-01,,,
,2.009E+03,4E+00,4.1563613E-01,,,
,2.009E+03,5E+00,5.5442008E-01,,,
,2.009E+03,6E+00,3.6989138E-01,,,
,2.009E+03,7E+00,5.5998986E-01,,,
,2.009E+03,8E+00,7.1776492E-01,,,
,2.009E+03,9E+00,9.8445633E-01,,,
,2.009E+03,1E+01,1.1541453E+00,,,
,2.009E+03,1.1E+01,1.0548407E+00,,,
,2.009E+03,1.2E+01,1.063178E+00,,,
,2.01E+03,1E+00,2.0640119E+00,,,
,2.01E+03,2E+00,1.8397684E+00,,,
,2.01E+03,3E+00,1.6540684E+00,,,
,2.01E+03,4E+00,1.1788223E+00,,,
,2.01E+03,5E+00,1.8660236E+00,,,
,2.01E+03,6E+00,1.2382043E+00,,,
,2.01E+03,7E+00,1.1456281E+00,,,
,2.01E+03,8E+00,1.0779035E+00,,,
,2.01E+03,9E+00,1.0036749E+00,,,
,2.01E+03,1E+01,1.6059417E+00,,,
,2.01E+03,1.1E+01,9.8803369E-01,,,
,2.01E+03,1.2E+01,7.7962672E-01,,,
,2.011E+03,1E+00,3.2143704E-01,,,
,2.011E+03,2E+00,5.4944886E-01,,,
,2.011E+03,3E+00,1.2026043E+00,,,
,2.011E+03,4E+00,5.9585684E-01,,,
,2.011E+03,5E+00,1.3947862E+00,,,
,2.011E+03,6E+00,1.1129413E+00,,,
,2.011E+03,7E+00,1.0354089E+00,,,
,2.011E+03,8E+00,1.036257E+00,,,
,2.011E+03,9E+00,1.3281108E+00,,,
,2.011E+03,1E+01,1.2045161E+00,,,
,2.011E+03,1.1E+01,3.7417793E-01,,,
,2.011E+03,1.2E+01,1.3153608E-01,,,
,2.012E+03,1E+00,8.3337844E-01,,,
,2.012E+03,2E+00,8.6243405E-01,,,
,2.012E+03,3E+00,1.1165134E+00,,,
,2.012E+03,4E+00,1.9264089E+00,,,
,2.012E+03,5E+00,1.6274147E+00,,,
,2.012E+03,6E+00,1.938326E+00,,,
,2.012E+03,7E+00,1.8605661E+00,,,
,2.012E+03,8E+00,1.7305455E+00,,,
,2.012E+03,9E+00,1.3583948E+00,,,
,2.012E+03,1E+01,1.8664464E+00,,,
,2.012E+03,1.1E+01,1.401837E+00,,,
,2.012E+03,1.2E+01,1.2003042E+00,,,
,2.013E+03,1E+00,1.2303061E+00,,,
,2.013E+03,2E+00,1.2033246E+00,,,
,2.013E+03,3E+00,6.4198749E-01,,,
,2.013E+03,4E+00,4.757454E-01,,,
,2.013E+03,5E+00,8.5171232E-01,,,
,2.013E+03,6E+00,7.2592328E-01,,,
,2.013E+03,7E+00,4.5082111E-01,,,
,2.013E+03,8E+00,5.6139213E-01,,,
,2.013E+03,9E+00,3.8985903E-01,,,
,2.013E+03,1E+01,-1.4750892E-01,,,
,2.013E+03,1.1E+01,-8.0505602E-01,,,
,2.013E+03,1.2E+01,-1.452561E+00,,,
,2.014E+03,1E+00,-3.8996919E-01,,,
,2.014E+03,2E+00,-2.6724356E-01,,,
,2.014E+03,3E+00,-4.5401739E-01,,,
,2.014E+03,4E+00,-6.174035E-01,,,
,2.014E+03,5E+00,2.2783033E-01,,,
,2.014E+03,6E+00,-4.1683559E-01,,,
,2.014E+03,7E+00,-1.3326054E-01,,,
,2.014E+03,8E+00,-5.4494684E-01,,,
,2.014E+03,9E+00,-7.7647484E-01,,,
,2.014E+03,1E+01,4.2525704E-01,,,
,2.014E+03,1.1E+01,3.1181371E-01,,,
,2.014E+03,1.2E+01,-3.5483813E-01,,,
,2.015E+03,1E+00,-5.5025703E-01,,,
,2.015E+03,2E+00,-1.2726712E+00,,,
,2.015E+03,3E+00,-1.3949461E+00,,,
,2.015E+03,4E+00,-1.3779456E+00,,,
,2.015E+03,5E+00,-7.1954145E-01,,,
,2.015E+03,6E+00,-1.2491977E+00,,,
,2.015E+03,7E+00,-1.4735073E+00,,,
,2.015E+03,8E+00,-1.9276433E+00,,,
,2.015E+03,9E+00,-2.10385E+00,,,
,2.015E+03,1E+01,-1.3062118E+00,,,
,2.015E+03,1.1E+01,-2.2533168E+00,,,
,2.015E+03,1.2E+01,-1.1054027E+00,,,
,2.016E+03,1E+00,9.3888757E-01,,,
,2.016E+03,2E+00,2.2969097E-01,,,
,2.016E+03,3E+00,4.7342201E-01,,,
,2.016E+03,4E+00,-3.9984827E-01,,,
,2.016E+03,5E+00,-6.8192827E-01,,,
,2.016E+03,6E+00,-9.5777129E-01,,,
,2.016E+03,7E+00,-4.8643932E-01,,,
,2.016E+03,8E+00,-5.4363312E-01,,,
,2.016E+03,9E+00,-7.7327726E-01,,,
,2.016E+03,1E+01,3.527754E-01,,,
,2.016E+03,1.1E+01,1.1604373E+00,,,
,2.016E+03,1.2E+01,-1.540838E+00,,,
,2.017E+03,1E+00,-2.6638853E-01,,,
,2.017E+03,2E+00,-6.7060799E-01,,,
,2.017E+03,3E+00,-8.9422474E-01,,,
,2.017E+03,4E+00,-1.1263396E-01,,,
,2.017E+03,5E+00,-4.5770927E-01,,,
,2.017E+03,6E+00,-2.945526E-01,,,
,2.017E+03,7E+00,-4.4498774E-01,,,
,2.017E+03,8E+00,-5.3107789E-01,,,
,2.017E+03,9E+00,-5.257936E-01,,,
,2.017E+03,1E+01,-1.4104447E+00,,,
,2.017E+03,1.1E+01,-2.0575759E+00,,,
,2.017E+03,1.2E+01,-2.6851348E+00,,,
,2.018E+03,1E+00,-1.4850568E+00,,,
,2.018E+03,2E+00,-2.2327564E+00,,,
,2.018E+03,3E+00,-2.0429687E+00,,,
,2.018E+03,4E+00,-2.0587792E+00,,,
,2.018E+03,5E+00,-1.9215388E+00,,,
,2.018E+03,6E+00,-1.934415E+00,,,
,2.018E+03,7E+00,-1.5719998E+00,,,
,2.018E+03,8E+00,-2.1246452E+00,,,
,2.018E+03,9E+00,-2.3284792E+00,,,
,2.018E+03,1E+01,-2.3381128E+00,,,
,2.018E+03,1.1E+01,-1.7539675E+00,,,
,2.018E+03,1.2E+01,-1.0830255E+00,,,
,2.019E+03,1E+00,-8.5762294E-01,,,
,2.019E+03,2E+00,-2.5719899E+00,,,
,2.019E+03,3E+00,-1.9929292E+00,,,
,2.019E+03,4E+00,-2.1538644E+00,,,
,2.019E+03,5E+00,-2.1198764E+00,,,
,2.019E+03,6E+00,-1.9872847E+00,,,
,2.019E+03,7E+00,-2.2190509E+00,,,
,2.019E+03,8E+00,-1.9868903E+00,,,
,2.019E+03,9E+00,-2.5294832E+00,,,
,2.019E+03,1E+01,-2.6746197E+00,,,
,2.019E+03,1.1E+01,-3.6465155E+00,,,
,2.019E+03,1.2E+01,-2.9323804E+00,,,
,2.02E+03,1E+00,-1.7093386E+00,,,
,2.02E+03,2E+00,-2.041406E+00,,,
,2.02E+03,3E+00,-1.765718E+00,,,
,2.02E+03,4E+00,-1.8853591E+00,,,
,2.02E+03,5E+00,-1.049839E+00,,,
,2.02E+03,6E+00,-1.4469474E+00,,,
,2.02E+03,7E+00,-1.2455985E+00,,,