"","year","stock","length","SSTarc_summer","SSTarc_winter","PDO","WA_Pinks","ALPI","Pinks","NPGO","MEI_summer","MEI_winter","BI"
"1",1979,"one_YO_summer WIND 3",-0.185986461150316,0.593602380044287,-0.217950721307733,0.46130534255802,1.04051109781183,-0.326574703541259,-1.35680671173161,-0.737188575,0.226666666666667,0.216666666666667,0.736164998929933
"2",1979,"one_YO_summer QEQU 3",0.570488456394961,0.593602380044287,-0.217950721307733,0.46130534255802,1.04051109781183,-0.326574703541259,-1.35680671173161,-0.737188575,0.226666666666667,0.216666666666667,0.736164998929933
"3",1979,"one_YO_summer QEQU 3",0.570488456394961,0.593602380044287,-0.217950721307733,0.46130534255802,1.04051109781183,-0.326574703541259,-1.35680671173161,-0.737188575,0.226666666666667,0.216666666666667,0.736164998929933
"4",1980,"one_YO_summer MNPR 3",-2.25208219122217,-0.148815741964107,0.36701537699535,0.692096048025456,-0.799018308171118,0.738287290801877,-1.31671850353485,-0.749107275833333,0.323333333333333,0.316666666666667,-0.480472102504447
"5",1980,"one_YO_summer QEQU 3",-3.09002129757528,-0.148815741964107,0.36701537699535,0.692096048025456,-0.799018308171118,0.738287290801877,-1.31671850353485,-0.749107275833333,0.323333333333333,0.316666666666667,-0.480472102504447
"6",1980,"one_YO_summer MNPR 3",-2.25208219122217,-0.148815741964107,0.36701537699535,0.692096048025456,-0.799018308171118,0.738287290801877,-1.31671850353485,-0.749107275833333,0.323333333333333,0.316666666666667,-0.480472102504447
"7",1980,"one_YO_summer QEQU 3",-3.09002129757528,-0.148815741964107,0.36701537699535,0.692096048025456,-0.799018308171118,0.738287290801877,-1.31671850353485,-0.749107275833333,0.323333333333333,0.316666666666667,-0.480472102504447
"8",1980,"one_YO_summer WIND 3",-0.849286735495196,-0.148815741964107,0.36701537699535,0.692096048025456,-0.799018308171118,0.738287290801877,-1.31671850353485,-0.749107275833333,0.323333333333333,0.316666666666667,-0.480472102504447
"9",1981,"one_YO_summer MNPR 3",3.38812850835425,0.70907991206711,0.22893625559478,1.3011536773918,1.35198128279336,2.10739556924305,-1.20209254139138,-0.221840562241667,-0.276666666666667,-0.08,-0.933174279782358
"10",1981,"one_YO_summer WIND 3",0.2402772989717,0.70907991206711,0.22893625559478,1.3011536773918,1.35198128279336,2.10739556924305,-1.20209254139138,-0.221840562241667,-0.276666666666667,-0.08,-0.933174279782358
"11",1981,"one_YO_summer QEQU 3",-0.0371365670123029,0.70907991206711,0.22893625559478,1.3011536773918,1.35198128279336,2.10739556924305,-1.20209254139138,-0.221840562241667,-0.276666666666667,-0.08,-0.933174279782358
"12",1981,"one_YO_summer SAWA 3",2.50478363266569,0.70907991206711,0.22893625559478,1.3011536773918,1.35198128279336,2.10739556924305,-1.20209254139138,-0.221840562241667,-0.276666666666667,-0.08,-0.933174279782358
"13",1981,"one_YO_summer SAWA 3",2.50478363266569,0.70907991206711,0.22893625559478,1.3011536773918,1.35198128279336,2.10739556924305,-1.20209254139138,-0.221840562241667,-0.276666666666667,-0.08,-0.933174279782358
"14",1981,"one_YO_summer MNPR 3",3.38812850835425,0.70907991206711,0.22893625559478,1.3011536773918,1.35198128279336,2.10739556924305,-1.20209254139138,-0.221840562241667,-0.276666666666667,-0.08,-0.933174279782358
"15",1981,"one_YO_summer QEQU 3",-0.0371365670123029,0.70907991206711,0.22893625559478,1.3011536773918,1.35198128279336,2.10739556924305,-1.20209254139138,-0.221840562241667,-0.276666666666667,-0.08,-0.933174279782358
"16",1981,"one_YO_summer WILL 3",1.52357879736127,0.70907991206711,0.22893625559478,1.3011536773918,1.35198128279336,2.10739556924305,-1.20209254139138,-0.221840562241667,-0.276666666666667,-0.08,-0.933174279782358
"17",1981,"one_YO_summer LEWI 3",1.29879454256649,0.70907991206711,0.22893625559478,1.3011536773918,1.35198128279336,2.10739556924305,-1.20209254139138,-0.221840562241667,-0.276666666666667,-0.08,-0.933174279782358
"18",1982,"one_YO_summer WIND 3",0.346119702676047,-0.502123428602313,0.0485007154530492,0.0418599940321392,-0.799018308171118,-1.21529411235395,-1.10284432827766,-0.686691380833333,1.87333333333333,-0.376666666666667,1.24545494836758
"19",1982,"one_YO_summer SIYA 3",-1.26345901722427,-0.502123428602313,0.0485007154530492,0.0418599940321392,-0.799018308171118,-1.21529411235395,-1.10284432827766,-0.686691380833333,1.87333333333333,-0.376666666666667,1.24545494836758
"20",1982,"one_YO_summer SIYA 3",-1.26345901722427,-0.502123428602313,0.0485007154530492,0.0418599940321392,-0.799018308171118,-1.21529411235395,-1.10284432827766,-0.686691380833333,1.87333333333333,-0.376666666666667,1.24545494836758
"21",1982,"one_YO_summer SAWA 3",-0.977938531647928,-0.502123428602313,0.0485007154530492,0.0418599940321392,-0.799018308171118,-1.21529411235395,-1.10284432827766,-0.686691380833333,1.87333333333333,-0.376666666666667,1.24545494836758
"22",1982,"one_YO_summer SAWA 3",-0.977938531647928,-0.502123428602313,0.0485007154530492,0.0418599940321392,-0.799018308171118,-1.21529411235395,-1.10284432827766,-0.686691380833333,1.87333333333333,-0.376666666666667,1.24545494836758
"23",1982,"one_YO_summer QEQU 3",-2.36917968541876,-0.502123428602313,0.0485007154530492,0.0418599940321392,-0.799018308171118,-1.21529411235395,-1.10284432827766,-0.686691380833333,1.87333333333333,-0.376666666666667,1.24545494836758
"24",1982,"one_YO_summer MNPR 3",-0.542111328366425,-0.502123428602313,0.0485007154530492,0.0418599940321392,-0.799018308171118,-1.21529411235395,-1.10284432827766,-0.686691380833333,1.87333333333333,-0.376666666666667,1.24545494836758
"25",1982,"one_YO_summer QEQU 3",-2.36917968541876,-0.502123428602313,0.0485007154530492,0.0418599940321392,-0.799018308171118,-1.21529411235395,-1.10284432827766,-0.686691380833333,1.87333333333333,-0.376666666666667,1.24545494836758
"26",1982,"one_YO_summer MNPR 3",-0.542111328366425,-0.502123428602313,0.0485007154530492,0.0418599940321392,-0.799018308171118,-1.21529411235395,-1.10284432827766,-0.686691380833333,1.87333333333333,-0.376666666666667,1.24545494836758
"27",1982,"one_YO_summer LEWI 3",-1.95876122853191,-0.502123428602313,0.0485007154530492,0.0418599940321392,-0.799018308171118,-1.21529411235395,-1.10284432827766,-0.686691380833333,1.87333333333333,-0.376666666666667,1.24545494836758
"28",1983,"one_YO_summer SIYA 3",-2.48596744544633,0.432627287177207,0.0145771380128532,1.7723114661469,1.02176593155709,2.74791406208103,-1.14006743800425,-0.09206469425,0.0766666666666667,2.66333333333333,-1.52734588745961
"29",1983,"one_YO_summer SIYA 3",-2.48596744544633,0.432627287177207,0.0145771380128532,1.7723114661469,1.02176593155709,2.74791406208103,-1.14006743800425,-0.09206469425,0.0766666666666667,2.66333333333333,-1.52734588745961
"30",1983,"one_YO_summer SAWA 3",-2.30678270994898,0.432627287177207,0.0145771380128532,1.7723114661469,1.02176593155709,2.74791406208103,-1.14006743800425,-0.09206469425,0.0766666666666667,2.66333333333333,-1.52734588745961
"31",1983,"one_YO_summer SAWA 3",-2.30678270994898,0.432627287177207,0.0145771380128532,1.7723114661469,1.02176593155709,2.74791406208103,-1.14006743800425,-0.09206469425,0.0766666666666667,2.66333333333333,-1.52734588745961
"32",1983,"one_YO_summer WILL 3",-0.194762371285103,0.432627287177207,0.0145771380128532,1.7723114661469,1.02176593155709,2.74791406208103,-1.14006743800425,-0.09206469425,0.0766666666666667,2.66333333333333,-1.52734588745961
"33",1983,"one_YO_summer SAND 3",0.159528598609059,0.432627287177207,0.0145771380128532,1.7723114661469,1.02176593155709,2.74791406208103,-1.14006743800425,-0.09206469425,0.0766666666666667,2.66333333333333,-1.52734588745961
"34",1983,"one_YO_summer WIND 3",0.460206831616001,0.432627287177207,0.0145771380128532,1.7723114661469,1.02176593155709,2.74791406208103,-1.14006743800425,-0.09206469425,0.0766666666666667,2.66333333333333,-1.52734588745961
"35",1983,"one_YO_summer MNPR 3",-1.11148955813877,0.432627287177207,0.0145771380128532,1.7723114661469,1.02176593155709,2.74791406208103,-1.14006743800425,-0.09206469425,0.0766666666666667,2.66333333333333,-1.52734588745961
"36",1983,"one_YO_summer LEWI 3",-0.447070502647241,0.432627287177207,0.0145771380128532,1.7723114661469,1.02176593155709,2.74791406208103,-1.14006743800425,-0.09206469425,0.0766666666666667,2.66333333333333,-1.52734588745961
"37",1983,"one_YO_summer MNPR 3",-1.11148955813877,0.432627287177207,0.0145771380128532,1.7723114661469,1.02176593155709,2.74791406208103,-1.14006743800425,-0.09206469425,0.0766666666666667,2.66333333333333,-1.52734588745961
"38",1983,"one_YO_summer QEQU 3",-2.55111109005993,0.432627287177207,0.0145771380128532,1.7723114661469,1.02176593155709,2.74791406208103,-1.14006743800425,-0.09206469425,0.0766666666666667,2.66333333333333,-1.52734588745961
"39",1983,"one_YO_summer QEQU 3",-2.55111109005993,0.432627287177207,0.0145771380128532,1.7723114661469,1.02176593155709,2.74791406208103,-1.14006743800425,-0.09206469425,0.0766666666666667,2.66333333333333,-1.52734588745961
"40",1984,"one_YO_summer QEQU 3",0.947925078687895,0.499303580290418,0.432952148338844,1.03109982286144,-0.799018308171118,0.742290531382114,-1.1592217304735,0.620750036666667,-0.19,-0.376666666666667,-1.69710920393883
"41",1984,"one_YO_summer SIYA 3",1.20299360132198,0.499303580290418,0.432952148338844,1.03109982286144,-0.799018308171118,0.742290531382114,-1.1592217304735,0.620750036666667,-0.19,-0.376666666666667,-1.69710920393883
"42",1984,"one_YO_summer SAWA 3",0.417632931393253,0.499303580290418,0.432952148338844,1.03109982286144,-0.799018308171118,0.742290531382114,-1.1592217304735,0.620750036666667,-0.19,-0.376666666666667,-1.69710920393883
"43",1984,"one_YO_summer SIYA 3",1.20299360132198,0.499303580290418,0.432952148338844,1.03109982286144,-0.799018308171118,0.742290531382114,-1.1592217304735,0.620750036666667,-0.19,-0.376666666666667,-1.69710920393883
"44",1984,"one_YO_summer MNPR 3",1.31447833032805,0.499303580290418,0.432952148338844,1.03109982286144,-0.799018308171118,0.742290531382114,-1.1592217304735,0.620750036666667,-0.19,-0.376666666666667,-1.69710920393883
"45",1984,"one_YO_summer SAWA 3",0.417632931393253,0.499303580290418,0.432952148338844,1.03109982286144,-0.799018308171118,0.742290531382114,-1.1592217304735,0.620750036666667,-0.19,-0.376666666666667,-1.69710920393883
"46",1984,"one_YO_summer MNPR 3",1.31447833032805,0.499303580290418,0.432952148338844,1.03109982286144,-0.799018308171118,0.742290531382114,-1.1592217304735,0.620750036666667,-0.19,-0.376666666666667,-1.69710920393883
"47",1984,"one_YO_summer LEWI 3",1.48327450657948,0.499303580290418,0.432952148338844,1.03109982286144,-0.799018308171118,0.742290531382114,-1.1592217304735,0.620750036666667,-0.19,-0.376666666666667,-1.69710920393883
"48",1984,"one_YO_summer QEQU 3",0.947925078687895,0.499303580290418,0.432952148338844,1.03109982286144,-0.799018308171118,0.742290531382114,-1.1592217304735,0.620750036666667,-0.19,-0.376666666666667,-1.69710920393883
"49",1985,"one_YO_summer MNPR 3",0.830796070904948,-0.0884125971060417,0.0289481346634613,0.368414477701831,1.56144689409392,-0.586785341256687,-0.789755296085584,-0.393901047083333,-0.276666666666667,-0.476666666666667,1.61327546740588
"50",1985,"one_YO_summer SIYA 3",-0.959997599917625,-0.0884125971060417,0.0289481346634613,0.368414477701831,1.56144689409392,-0.586785341256687,-0.789755296085584,-0.393901047083333,-0.276666666666667,-0.476666666666667,1.61327546740588
"51",1985,"one_YO_summer SIYA 3",-0.959997599917625,-0.0884125971060417,0.0289481346634613,0.368414477701831,1.56144689409392,-0.586785341256687,-0.789755296085584,-0.393901047083333,-0.276666666666667,-0.476666666666667,1.61327546740588
"52",1985,"one_YO_summer QEQU 3",0.708170633444174,-0.0884125971060417,0.0289481346634613,0.368414477701831,1.56144689409392,-0.586785341256687,-0.789755296085584,-0.393901047083333,-0.276666666666667,-0.476666666666667,1.61327546740588
"53",1985,"one_YO_summer QEQU 3",0.708170633444174,-0.0884125971060417,0.0289481346634613,0.368414477701831,1.56144689409392,-0.586785341256687,-0.789755296085584,-0.393901047083333,-0.276666666666667,-0.476666666666667,1.61327546740588
"54",1985,"one_YO_summer SAWA 3",-0.720371275337788,-0.0884125971060417,0.0289481346634613,0.368414477701831,1.56144689409392,-0.586785341256687,-0.789755296085584,-0.393901047083333,-0.276666666666667,-0.476666666666667,1.61327546740588
"55",1985,"one_YO_summer SAWA 3",-0.720371275337788,-0.0884125971060417,0.0289481346634613,0.368414477701831,1.56144689409392,-0.586785341256687,-0.789755296085584,-0.393901047083333,-0.276666666666667,-0.476666666666667,1.61327546740588
"56",1985,"one_YO_summer LEWI 3",-1.65210906839495,-0.0884125971060417,0.0289481346634613,0.368414477701831,1.56144689409392,-0.586785341256687,-0.789755296085584,-0.393901047083333,-0.276666666666667,-0.476666666666667,1.61327546740588
"57",1985,"one_YO_summer MNPR 3",0.830796070904948,-0.0884125971060417,0.0289481346634613,0.368414477701831,1.56144689409392,-0.586785341256687,-0.789755296085584,-0.393901047083333,-0.276666666666667,-0.476666666666667,1.61327546740588
"58",1986,"one_YO_summer WIND 3",-0.312822378972493,0.34447407043283,0.246118316842222,1.49555414714238,-0.799018308171118,2.15143121562566,-1.03113010375293,-0.732847288333333,0.973333333333333,-0.35,-1.41417034314013
"59",1986,"one_YO_summer QEQU 3",2.39437360071433,0.34447407043283,0.246118316842222,1.49555414714238,-0.799018308171118,2.15143121562566,-1.03113010375293,-0.732847288333333,0.973333333333333,-0.35,-1.41417034314013
"60",1986,"one_YO_summer MNPR 3",0.94422548037258,0.34447407043283,0.246118316842222,1.49555414714238,-0.799018308171118,2.15143121562566,-1.03113010375293,-0.732847288333333,0.973333333333333,-0.35,-1.41417034314013
"61",1986,"one_YO_summer SAWA 3",2.06601757730848,0.34447407043283,0.246118316842222,1.49555414714238,-0.799018308171118,2.15143121562566,-1.03113010375293,-0.732847288333333,0.973333333333333,-0.35,-1.41417034314013
"62",1986,"one_YO_summer QEQU 3",2.39437360071433,0.34447407043283,0.246118316842222,1.49555414714238,-0.799018308171118,2.15143121562566,-1.03113010375293,-0.732847288333333,0.973333333333333,-0.35,-1.41417034314013
"63",1986,"one_YO_summer WILL 3",-0.347040362867662,0.34447407043283,0.246118316842222,1.49555414714238,-0.799018308171118,2.15143121562566,-1.03113010375293,-0.732847288333333,0.973333333333333,-0.35,-1.41417034314013
"64",1986,"one_YO_summer MNPR 3",0.94422548037258,0.34447407043283,0.246118316842222,1.49555414714238,-0.799018308171118,2.15143121562566,-1.03113010375293,-0.732847288333333,0.973333333333333,-0.35,-1.41417034314013
"65",1986,"one_YO_summer SAND 3",-0.017785917474804,0.34447407043283,0.246118316842222,1.49555414714238,-0.799018308171118,2.15143121562566,-1.03113010375293,-0.732847288333333,0.973333333333333,-0.35,-1.41417034314013
"66",1986,"one_YO_summer LEWI 3",2.01570803583627,0.34447407043283,0.246118316842222,1.49555414714238,-0.799018308171118,2.15143121562566,-1.03113010375293,-0.732847288333333,0.973333333333333,-0.35,-1.41417034314013
"67",1986,"one_YO_summer SAWA 3",2.06601757730848,0.34447407043283,0.246118316842222,1.49555414714238,-0.799018308171118,2.15143121562566,-1.03113010375293,-0.732847288333333,0.973333333333333,-0.35,-1.41417034314013
"68",1987,"one_YO_summer TILN 1",1.01368072189999,-0.18100158429132,0.45855084274007,1.64398800335588,0.193822701257143,1.51891920394816,-0.471887750394094,0.429174729166667,1.54333333333333,1.17666666666667,-0.763410963303142
"69",1987,"one_YO_summer SIYA 3",1.6675159273334,-0.18100158429132,0.45855084274007,1.64398800335588,0.193822701257143,1.51891920394816,-0.471887750394094,0.429174729166667,1.54333333333333,1.17666666666667,-0.763410963303142
"70",1987,"one_YO_summer QEQU 3",0.600862663081197,-0.18100158429132,0.45855084274007,1.64398800335588,0.193822701257143,1.51891920394816,-0.471887750394094,0.429174729166667,1.54333333333333,1.17666666666667,-0.763410963303142
"71",1987,"one_YO_summer WILL 3",-1.26178971277545,-0.18100158429132,0.45855084274007,1.64398800335588,0.193822701257143,1.51891920394816,-0.471887750394094,0.429174729166667,1.54333333333333,1.17666666666667,-0.763410963303142
"72",1987,"one_YO_summer MNPR 3",0.503888584483111,-0.18100158429132,0.45855084274007,1.64398800335588,0.193822701257143,1.51891920394816,-0.471887750394094,0.429174729166667,1.54333333333333,1.17666666666667,-0.763410963303142
"73",1987,"one_YO_summer QEQU 3",0.600862663081197,-0.18100158429132,0.45855084274007,1.64398800335588,0.193822701257143,1.51891920394816,-0.471887750394094,0.429174729166667,1.54333333333333,1.17666666666667,-0.763410963303142
"74",1987,"one_YO_summer MNPR 3",0.503888584483111,-0.18100158429132,0.45855084274007,1.64398800335588,0.193822701257143,1.51891920394816,-0.471887750394094,0.429174729166667,1.54333333333333,1.17666666666667,-0.763410963303142
"75",1987,"one_YO_summer SIYA 3",1.6675159273334,-0.18100158429132,0.45855084274007,1.64398800335588,0.193822701257143,1.51891920394816,-0.471887750394094,0.429174729166667,1.54333333333333,1.17666666666667,-0.763410963303142
"76",1987,"one_YO_summer SAWA 3",0.839135545320087,-0.18100158429132,0.45855084274007,1.64398800335588,0.193822701257143,1.51891920394816,-0.471887750394094,0.429174729166667,1.54333333333333,1.17666666666667,-0.763410963303142
"77",1987,"one_YO_summer LEWI 3",1.08187519349672,-0.18100158429132,0.45855084274007,1.64398800335588,0.193822701257143,1.51891920394816,-0.471887750394094,0.429174729166667,1.54333333333333,1.17666666666667,-0.763410963303142
"78",1987,"one_YO_summer SAWA 3",0.839135545320087,-0.18100158429132,0.45855084274007,1.64398800335588,0.193822701257143,1.51891920394816,-0.471887750394094,0.429174729166667,1.54333333333333,1.17666666666667,-0.763410963303142
"79",1988,"one_YO_summer SIYA 3",0.12354364288225,-0.0920488251148964,0.0132102283938178,0.293718730704072,-0.799018308171118,0.554138224110959,-0.826084487748374,1.32363676333333,-1.77666666666667,0.363333333333333,-0.84829262154275
"80",1988,"one_YO_summer SAWA 3",-0.0468800968618636,-0.0920488251148964,0.0132102283938178,0.293718730704072,-0.799018308171118,0.554138224110959,-0.826084487748374,1.32363676333333,-1.77666666666667,0.363333333333333,-0.84829262154275
"81",1988,"one_YO_summer LEWI 3",0.264486536027823,-0.0920488251148964,0.0132102283938178,0.293718730704072,-0.799018308171118,0.554138224110959,-0.826084487748374,1.32363676333333,-1.77666666666667,0.363333333333333,-0.84829262154275
"82",1988,"one_YO_summer TILN 1",0.706620600161701,-0.0920488251148964,0.0132102283938178,0.293718730704072,-0.799018308171118,0.554138224110959,-0.826084487748374,1.32363676333333,-1.77666666666667,0.363333333333333,-0.84829262154275
"83",1988,"one_YO_summer WIND 3",1.42031976580328,-0.0920488251148964,0.0132102283938178,0.293718730704072,-0.799018308171118,0.554138224110959,-0.826084487748374,1.32363676333333,-1.77666666666667,0.363333333333333,-0.84829262154275
"84",1988,"one_YO_summer SAWA 3",-0.0468800968618636,-0.0920488251148964,0.0132102283938178,0.293718730704072,-0.799018308171118,0.554138224110959,-0.826084487748374,1.32363676333333,-1.77666666666667,0.363333333333333,-0.84829262154275
"85",1988,"one_YO_summer SIYA 3",0.12354364288225,-0.0920488251148964,0.0132102283938178,0.293718730704072,-0.799018308171118,0.554138224110959,-0.826084487748374,1.32363676333333,-1.77666666666667,0.363333333333333,-0.84829262154275
"86",1988,"one_YO_summer MNPR 3",1.12425745612296,-0.0920488251148964,0.0132102283938178,0.293718730704072,-0.799018308171118,0.554138224110959,-0.826084487748374,1.32363676333333,-1.77666666666667,0.363333333333333,-0.84829262154275
"87",1988,"one_YO_summer QEQU 3",0.904751550696761,-0.0920488251148964,0.0132102283938178,0.293718730704072,-0.799018308171118,0.554138224110959,-0.826084487748374,1.32363676333333,-1.77666666666667,0.363333333333333,-0.84829262154275
"88",1988,"one_YO_summer MNPR 3",1.12425745612296,-0.0920488251148964,0.0132102283938178,0.293718730704072,-0.799018308171118,0.554138224110959,-0.826084487748374,1.32363676333333,-1.77666666666667,0.363333333333333,-0.84829262154275
"89",1988,"one_YO_summer QEQU 3",0.904751550696761,-0.0920488251148964,0.0132102283938178,0.293718730704072,-0.799018308171118,0.554138224110959,-0.826084487748374,1.32363676333333,-1.77666666666667,0.363333333333333,-0.84829262154275
"90",1989,"one_YO_summer WIND 3",1.12118657497288,0.536806230637925,-0.339264697042005,-0.241600789446538,1.2935999038992,-1.00312236160137,-0.0780338198967607,0.612240616666667,-0.82,-1.11666666666667,0.538107796370846
"91",1989,"one_YO_summer SIYA 3",0.0189836715776417,0.536806230637925,-0.339264697042005,-0.241600789446538,1.2935999038992,-1.00312236160137,-0.0780338198967607,0.612240616666667,-0.82,-1.11666666666667,0.538107796370846
"92",1989,"one_YO_summer SIYA 3",0.0189836715776417,0.536806230637925,-0.339264697042005,-0.241600789446538,1.2935999038992,-1.00312236160137,-0.0780338198967607,0.612240616666667,-0.82,-1.11666666666667,0.538107796370846
"93",1989,"one_YO_summer LEWI 3",1.6319785643108,0.536806230637925,-0.339264697042005,-0.241600789446538,1.2935999038992,-1.00312236160137,-0.0780338198967607,0.612240616666667,-0.82,-1.11666666666667,0.538107796370846
"94",1989,"one_YO_summer SAWA 3",1.37054708859247,0.536806230637925,-0.339264697042005,-0.241600789446538,1.2935999038992,-1.00312236160137,-0.0780338198967607,0.612240616666667,-0.82,-1.11666666666667,0.538107796370846
"95",1989,"one_YO_summer QEQU 3",0.950208107263774,0.536806230637925,-0.339264697042005,-0.241600789446538,1.2935999038992,-1.00312236160137,-0.0780338198967607,0.612240616666667,-0.82,-1.11666666666667,0.538107796370846
"96",1989,"one_YO_summer QEQU 3",0.950208107263774,0.536806230637925,-0.339264697042005,-0.241600789446538,1.2935999038992,-1.00312236160137,-0.0780338198967607,0.612240616666667,-0.82,-1.11666666666667,0.538107796370846
"97",1989,"one_YO_summer WILL 3",-0.526709438804496,0.536806230637925,-0.339264697042005,-0.241600789446538,1.2935999038992,-1.00312236160137,-0.0780338198967607,0.612240616666667,-0.82,-1.11666666666667,0.538107796370846
"98",1989,"one_YO_summer SAND 3",-0.0239275911830196,0.536806230637925,-0.339264697042005,-0.241600789446538,1.2935999038992,-1.00312236160137,-0.0780338198967607,0.612240616666667,-0.82,-1.11666666666667,0.538107796370846
"99",1989,"one_YO_summer SAWA 3",1.37054708859247,0.536806230637925,-0.339264697042005,-0.241600789446538,1.2935999038992,-1.00312236160137,-0.0780338198967607,0.612240616666667,-0.82,-1.11666666666667,0.538107796370846
"100",1989,"one_YO_summer TILN 1",0.281345101339115,0.536806230637925,-0.339264697042005,-0.241600789446538,1.2935999038992,-1.00312236160137,-0.0780338198967607,0.612240616666667,-0.82,-1.11666666666667,0.538107796370846
"101",1989,"one_YO_summer MNPR 3",0.303718224272763,0.536806230637925,-0.339264697042005,-0.241600789446538,1.2935999038992,-1.00312236160137,-0.0780338198967607,0.612240616666667,-0.82,-1.11666666666667,0.538107796370846
"102",1989,"one_YO_summer MNPR 3",0.303718224272763,0.536806230637925,-0.339264697042005,-0.241600789446538,1.2935999038992,-1.00312236160137,-0.0780338198967607,0.612240616666667,-0.82,-1.11666666666667,0.538107796370846
"103",1990,"one_YO_summer WIND 3",1.39544173303704,0.827616549912811,0.006107248520029,-0.612206611089268,-0.799018308171118,-0.278535816578411,0.434783614806247,-0.201546121083333,0.146666666666667,0.386666666666667,0.198581163412415
"104",1990,"one_YO_summer SIYA 3",-0.844961758135596,0.827616549912811,0.006107248520029,-0.612206611089268,-0.799018308171118,-0.278535816578411,0.434783614806247,-0.201546121083333,0.146666666666667,0.386666666666667,0.198581163412415
"105",1990,"one_YO_summer MNPR 3",0.334478467087177,0.827616549912811,0.006107248520029,-0.612206611089268,-0.799018308171118,-0.278535816578411,0.434783614806247,-0.201546121083333,0.146666666666667,0.386666666666667,0.198581163412415
"106",1990,"one_YO_summer QEQU 3",1.57004290052037,0.827616549912811,0.006107248520029,-0.612206611089268,-0.799018308171118,-0.278535816578411,0.434783614806247,-0.201546121083333,0.146666666666667,0.386666666666667,0.198581163412415
"107",1990,"one_YO_summer SIYA 3",-0.844961758135596,0.827616549912811,0.006107248520029,-0.612206611089268,-0.799018308171118,-0.278535816578411,0.434783614806247,-0.201546121083333,0.146666666666667,0.386666666666667,0.198581163412415
"108",1990,"one_YO_summer SAWA 3",0.295732482469187,0.827616549912811,0.006107248520029,-0.612206611089268,-0.799018308171118,-0.278535816578411,0.434783614806247,-0.201546121083333,0.146666666666667,0.386666666666667,0.198581163412415
"109",1990,"one_YO_summer TILN 1",0.605388560087699,0.827616549912811,0.006107248520029,-0.612206611089268,-0.799018308171118,-0.278535816578411,0.434783614806247,-0.201546121083333,0.146666666666667,0.386666666666667,0.198581163412415
"110",1990,"one_YO_summer MNPR 3",0.334478467087177,0.827616549912811,0.006107248520029,-0.612206611089268,-0.799018308171118,-0.278535816578411,0.434783614806247,-0.201546121083333,0.146666666666667,0.386666666666667,0.198581163412415
"111",1990,"one_YO_summer QEQU 3",1.57004290052037,0.827616549912811,0.006107248520029,-0.612206611089268,-0.799018308171118,-0.278535816578411,0.434783614806247,-0.201546121083333,0.146666666666667,0.386666666666667,0.198581163412415
"112",1990,"one_YO_summer SAWA 3",0.295732482469187,0.827616549912811,0.006107248520029,-0.612206611089268,-0.799018308171118,-0.278535816578411,0.434783614806247,-0.201546121083333,0.146666666666667,0.386666666666667,0.198581163412415
"113",1990,"one_YO_summer LEWI 3",1.61644955187288,0.827616549912811,0.006107248520029,-0.612206611089268,-0.799018308171118,-0.278535816578411,0.434783614806247,-0.201546121083333,0.146666666666667,0.386666666666667,0.198581163412415
"114",1991,"one_YO_summer SAND 3",0.791918923951966,-0.209636295757308,0.045696271425006,-0.672537791356689,1.80250827275986,0.24989194001292,0.281871549880582,-0.498914711166667,0.64,0.15,0.255168935572157
"115",1991,"one_YO_summer LEWI 3",0.484366142629,-0.209636295757308,0.045696271425006,-0.672537791356689,1.80250827275986,0.24989194001292,0.281871549880582,-0.498914711166667,0.64,0.15,0.255168935572157
"116",1991,"one_YO_summer SIYA 3",0.931694771438332,-0.209636295757308,0.045696271425006,-0.672537791356689,1.80250827275986,0.24989194001292,0.281871549880582,-0.498914711166667,0.64,0.15,0.255168935572157
"117",1991,"one_YO_summer SIYA 3",0.931694771438332,-0.209636295757308,0.045696271425006,-0.672537791356689,1.80250827275986,0.24989194001292,0.281871549880582,-0.498914711166667,0.64,0.15,0.255168935572157
"118",1991,"one_YO_summer QEQU 3",0.210281452281594,-0.209636295757308,0.045696271425006,-0.672537791356689,1.80250827275986,0.24989194001292,0.281871549880582,-0.498914711166667,0.64,0.15,0.255168935572157
"119",1991,"one_YO_summer MNPR 3",0.386205914736726,-0.209636295757308,0.045696271425006,-0.672537791356689,1.80250827275986,0.24989194001292,0.281871549880582,-0.498914711166667,0.64,0.15,0.255168935572157
"120",1991,"one_YO_summer MNPR 3",0.386205914736726,-0.209636295757308,0.045696271425006,-0.672537791356689,1.80250827275986,0.24989194001292,0.281871549880582,-0.498914711166667,0.64,0.15,0.255168935572157
"121",1991,"one_YO_summer SAWA 3",1.17262189174472,-0.209636295757308,0.045696271425006,-0.672537791356689,1.80250827275986,0.24989194001292,0.281871549880582,-0.498914711166667,0.64,0.15,0.255168935572157
"122",1991,"one_YO_summer QEQU 3",0.210281452281594,-0.209636295757308,0.045696271425006,-0.672537791356689,1.80250827275986,0.24989194001292,0.281871549880582,-0.498914711166667,0.64,0.15,0.255168935572157
"123",1991,"one_YO_summer SAWA 3",1.17262189174472,-0.209636295757308,0.045696271425006,-0.672537791356689,1.80250827275986,0.24989194001292,0.281871549880582,-0.498914711166667,0.64,0.15,0.255168935572157
"124",1991,"one_YO_summer WIND 3",0.970963341778481,-0.209636295757308,0.045696271425006,-0.672537791356689,1.80250827275986,0.24989194001292,0.281871549880582,-0.498914711166667,0.64,0.15,0.255168935572157
"125",1992,"one_YO_summer SAWA 3",0.588287514536089,1.20754678551625,0.0374408823320235,1.21113572588168,-0.799018308171118,0.926439598073033,-0.820527770467191,-1.09491887,0.446666666666667,1.67,-0.791704849383007
"126",1992,"one_YO_summer SIYA 3",0.978719397166626,1.20754678551625,0.0374408823320235,1.21113572588168,-0.799018308171118,0.926439598073033,-0.820527770467191,-1.09491887,0.446666666666667,1.67,-0.791704849383007
"127",1992,"one_YO_summer SIYA 3",0.978719397166626,1.20754678551625,0.0374408823320235,1.21113572588168,-0.799018308171118,0.926439598073033,-0.820527770467191,-1.09491887,0.446666666666667,1.67,-0.791704849383007
"128",1992,"one_YO_summer WIND 3",1.05307041279089,1.20754678551625,0.0374408823320235,1.21113572588168,-0.799018308171118,0.926439598073033,-0.820527770467191,-1.09491887,0.446666666666667,1.67,-0.791704849383007
"129",1992,"one_YO_summer SAWA 3",0.588287514536089,1.20754678551625,0.0374408823320235,1.21113572588168,-0.799018308171118,0.926439598073033,-0.820527770467191,-1.09491887,0.446666666666667,1.67,-0.791704849383007
"130",1992,"one_YO_summer LEWI 3",0.502366411848256,1.20754678551625,0.0374408823320235,1.21113572588168,-0.799018308171118,0.926439598073033,-0.820527770467191,-1.09491887,0.446666666666667,1.67,-0.791704849383007
"131",1992,"one_YO_summer QEQU 3",0.743298257995374,1.20754678551625,0.0374408823320235,1.21113572588168,-0.799018308171118,0.926439598073033,-0.820527770467191,-1.09491887,0.446666666666667,1.67,-0.791704849383007
"132",1992,"one_YO_summer MNPR 3",-0.171160625497248,1.20754678551625,0.0374408823320235,1.21113572588168,-0.799018308171118,0.926439598073033,-0.820527770467191,-1.09491887,0.446666666666667,1.67,-0.791704849383007
"133",1992,"one_YO_summer QEQU 3",0.743298257995374,1.20754678551625,0.0374408823320235,1.21113572588168,-0.799018308171118,0.926439598073033,-0.820527770467191,-1.09491887,0.446666666666667,1.67,-0.791704849383007
"134",1992,"one_YO_summer MNPR 3",-0.171160625497248,1.20754678551625,0.0374408823320235,1.21113572588168,-0.799018308171118,0.926439598073033,-0.820527770467191,-1.09491887,0.446666666666667,1.67,-0.791704849383007
"135",1993,"one_YO_summer MNPR 3",-0.408031439955547,1.07656847230094,0.0666150848755891,1.53673257176935,1.20445605599056,-0.306558500640073,-0.554279255648899,-1.90199258833333,0.723333333333333,0.846666666666667,-2.20639915337647
"136",1993,"one_YO_summer MNPR 3",-0.408031439955547,1.07656847230094,0.0666150848755891,1.53673257176935,1.20445605599056,-0.306558500640073,-0.554279255648899,-1.90199258833333,0.723333333333333,0.846666666666667,-2.20639915337647
"137",1993,"one_YO_summer QEQU 3",-0.0407383703319011,1.07656847230094,0.0666150848755891,1.53673257176935,1.20445605599056,-0.306558500640073,-0.554279255648899,-1.90199258833333,0.723333333333333,0.846666666666667,-2.20639915337647
"138",1993,"one_YO_summer SAWA 3",-0.0983092283304266,1.07656847230094,0.0666150848755891,1.53673257176935,1.20445605599056,-0.306558500640073,-0.554279255648899,-1.90199258833333,0.723333333333333,0.846666666666667,-2.20639915337647
"139",1993,"one_YO_summer SAWA 3",-0.0983092283304266,1.07656847230094,0.0666150848755891,1.53673257176935,1.20445605599056,-0.306558500640073,-0.554279255648899,-1.90199258833333,0.723333333333333,0.846666666666667,-2.20639915337647
"140",1993,"one_YO_summer LEWI 3",0.741470715981837,1.07656847230094,0.0666150848755891,1.53673257176935,1.20445605599056,-0.306558500640073,-0.554279255648899,-1.90199258833333,0.723333333333333,0.846666666666667,-2.20639915337647
"141",1993,"one_YO_summer QEQU 3",-0.0407383703319011,1.07656847230094,0.0666150848755891,1.53673257176935,1.20445605599056,-0.306558500640073,-0.554279255648899,-1.90199258833333,0.723333333333333,0.846666666666667,-2.20639915337647
"142",1994,"one_YO_summer QEQU 3",0.0965860292951771,0.765179539826205,0.375463275251717,-0.229151498280245,-0.799018308171118,-0.182458042652715,0.399636112807948,-1.2115987825,0.926666666666667,-0.12,0.396638365971502
"143",1994,"one_YO_summer LEWI 3",0.0681238193977419,0.765179539826205,0.375463275251717,-0.229151498280245,-0.799018308171118,-0.182458042652715,0.399636112807948,-1.2115987825,0.926666666666667,-0.12,0.396638365971502
"144",1994,"one_YO_summer QEQU 3",0.0965860292951771,0.765179539826205,0.375463275251717,-0.229151498280245,-0.799018308171118,-0.182458042652715,0.399636112807948,-1.2115987825,0.926666666666667,-0.12,0.396638365971502
"145",1994,"one_YO_summer SAWA 3",0.263705064200925,0.765179539826205,0.375463275251717,-0.229151498280245,-0.799018308171118,-0.182458042652715,0.399636112807948,-1.2115987825,0.926666666666667,-0.12,0.396638365971502
"146",1994,"one_YO_summer MNPR 3",0.240353312887733,0.765179539826205,0.375463275251717,-0.229151498280245,-0.799018308171118,-0.182458042652715,0.399636112807948,-1.2115987825,0.926666666666667,-0.12,0.396638365971502
"147",1994,"one_YO_summer SAWA 3",0.263705064200925,0.765179539826205,0.375463275251717,-0.229151498280245,-0.799018308171118,-0.182458042652715,0.399636112807948,-1.2115987825,0.926666666666667,-0.12,0.396638365971502
"148",1994,"one_YO_summer MNPR 3",0.240353312887733,0.765179539826205,0.375463275251717,-0.229151498280245,-0.799018308171118,-0.182458042652715,0.399636112807948,-1.2115987825,0.926666666666667,-0.12,0.396638365971502
"149",1995,"one_YO_summer SIYA 3",0.720958145737285,0.474656489015602,-0.280814344238961,0.842445179802998,0.886777138257249,0.706261366159978,-0.339041835844573,-1.03920854583333,-0.586666666666667,0.463333333333333,-0.169239355625888
"150",1995,"one_YO_summer SIYA 3",0.720958145737285,0.474656489015602,-0.280814344238961,0.842445179802998,0.886777138257249,0.706261366159978,-0.339041835844573,-1.03920854583333,-0.586666666666667,0.463333333333333,-0.169239355625888
"151",1995,"one_YO_summer SAND 3",1.49355138376355,0.474656489015602,-0.280814344238961,0.842445179802998,0.886777138257249,0.706261366159978,-0.339041835844573,-1.03920854583333,-0.586666666666667,0.463333333333333,-0.169239355625888
"152",1995,"one_YO_summer QEQU 3",0.303555429651817,0.474656489015602,-0.280814344238961,0.842445179802998,0.886777138257249,0.706261366159978,-0.339041835844573,-1.03920854583333,-0.586666666666667,0.463333333333333,-0.169239355625888
"153",1995,"one_YO_summer MNPR 3",0.235899440440593,0.474656489015602,-0.280814344238961,0.842445179802998,0.886777138257249,0.706261366159978,-0.339041835844573,-1.03920854583333,-0.586666666666667,0.463333333333333,-0.169239355625888
"154",1995,"one_YO_summer LEWI 3",0.377945909440936,0.474656489015602,-0.280814344238961,0.842445179802998,0.886777138257249,0.706261366159978,-0.339041835844573,-1.03920854583333,-0.586666666666667,0.463333333333333,-0.169239355625888
"155",1995,"one_YO_summer QEQU 3",0.303555429651817,0.474656489015602,-0.280814344238961,0.842445179802998,0.886777138257249,0.706261366159978,-0.339041835844573,-1.03920854583333,-0.586666666666667,0.463333333333333,-0.169239355625888
"156",1995,"one_YO_summer WIND 3",-0.492006811122232,0.474656489015602,-0.280814344238961,0.842445179802998,0.886777138257249,0.706261366159978,-0.339041835844573,-1.03920854583333,-0.586666666666667,0.463333333333333,-0.169239355625888
"157",1995,"one_YO_summer TILN 1",0.411670122939504,0.474656489015602,-0.280814344238961,0.842445179802998,0.886777138257249,0.706261366159978,-0.339041835844573,-1.03920854583333,-0.586666666666667,0.463333333333333,-0.169239355625888
"158",1995,"one_YO_summer MNPR 3",0.235899440440593,0.474656489015602,-0.280814344238961,0.842445179802998,0.886777138257249,0.706261366159978,-0.339041835844573,-1.03920854583333,-0.586666666666667,0.463333333333333,-0.169239355625888
"159",1995,"one_YO_summer SAWA 3",0.156747507342611,0.474656489015602,-0.280814344238961,0.842445179802998,0.886777138257249,0.706261366159978,-0.339041835844573,-1.03920854583333,-0.586666666666667,0.463333333333333,-0.169239355625888
"160",1995,"one_YO_summer SAWA 3",0.156747507342611,0.474656489015602,-0.280814344238961,0.842445179802998,0.886777138257249,0.706261366159978,-0.339041835844573,-1.03920854583333,-0.586666666666667,0.463333333333333,-0.169239355625888
"161",1996,"one_YO_summer MNPR 3",0.871271775315491,0.786592786827044,0.50961041984887,1.12303304993561,-0.799018308171118,0.414024803802651,-0.180107443592481,-0.972836611666667,-0.54,-0.76,-1.13123148234144
"162",1996,"one_YO_summer WIND 3",-1.20790720038416,0.786592786827044,0.50961041984887,1.12303304993561,-0.799018308171118,0.414024803802651,-0.180107443592481,-0.972836611666667,-0.54,-0.76,-1.13123148234144
"163",1996,"one_YO_summer MNPR 3",0.871271775315491,0.786592786827044,0.50961041984887,1.12303304993561,-0.799018308171118,0.414024803802651,-0.180107443592481,-0.972836611666667,-0.54,-0.76,-1.13123148234144
"164",1996,"one_YO_summer SIYA 3",0.751421154447705,0.786592786827044,0.50961041984887,1.12303304993561,-0.799018308171118,0.414024803802651,-0.180107443592481,-0.972836611666667,-0.54,-0.76,-1.13123148234144
"165",1996,"one_YO_summer SAWA 3",1.52548670922726,0.786592786827044,0.50961041984887,1.12303304993561,-0.799018308171118,0.414024803802651,-0.180107443592481,-0.972836611666667,-0.54,-0.76,-1.13123148234144
"166",1996,"one_YO_summer TILN 1",0.227902860282979,0.786592786827044,0.50961041984887,1.12303304993561,-0.799018308171118,0.414024803802651,-0.180107443592481,-0.972836611666667,-0.54,-0.76,-1.13123148234144
"167",1996,"one_YO_summer LEWI 3",-0.138601872148661,0.786592786827044,0.50961041984887,1.12303304993561,-0.799018308171118,0.414024803802651,-0.180107443592481,-0.972836611666667,-0.54,-0.76,-1.13123148234144
"168",1996,"one_YO_summer SIYA 3",0.751421154447705,0.786592786827044,0.50961041984887,1.12303304993561,-0.799018308171118,0.414024803802651,-0.180107443592481,-0.972836611666667,-0.54,-0.76,-1.13123148234144
"169",1996,"one_YO_summer SAWA 3",1.52548670922726,0.786592786827044,0.50961041984887,1.12303304993561,-0.799018308171118,0.414024803802651,-0.180107443592481,-0.972836611666667,-0.54,-0.76,-1.13123148234144
"170",1996,"one_YO_summer QEQU 3",0.278351821123691,0.786592786827044,0.50961041984887,1.12303304993561,-0.799018308171118,0.414024803802651,-0.180107443592481,-0.972836611666667,-0.54,-0.76,-1.13123148234144
"171",1996,"one_YO_summer QEQU 3",0.278351821123691,0.786592786827044,0.50961041984887,1.12303304993561,-0.799018308171118,0.414024803802651,-0.180107443592481,-0.972836611666667,-0.54,-0.76,-1.13123148234144
"172",1997,"one_YO_summer MNPR 3",0.188526595227807,2.23442993734425,0.193926425226803,1.85083776427275,0.164901708292204,0.265904902333869,0.0403217025677301,-0.657690615833333,2.16,-0.556666666666667,-0.565353760744055
"173",1997,"one_YO_summer WILL 3",0.806723088371441,2.23442993734425,0.193926425226803,1.85083776427275,0.164901708292204,0.265904902333869,0.0403217025677301,-0.657690615833333,2.16,-0.556666666666667,-0.565353760744055
"174",1997,"one_YO_summer TILN 1",0.00878855185094102,2.23442993734425,0.193926425226803,1.85083776427275,0.164901708292204,0.265904902333869,0.0403217025677301,-0.657690615833333,2.16,-0.556666666666667,-0.565353760744055
"175",1997,"one_YO_summer SAWA 3",-0.189044862785814,2.23442993734425,0.193926425226803,1.85083776427275,0.164901708292204,0.265904902333869,0.0403217025677301,-0.657690615833333,2.16,-0.556666666666667,-0.565353760744055
"176",1997,"one_YO_summer SAWA 3",-0.189044862785814,2.23442993734425,0.193926425226803,1.85083776427275,0.164901708292204,0.265904902333869,0.0403217025677301,-0.657690615833333,2.16,-0.556666666666667,-0.565353760744055
"177",1997,"one_YO_summer QEQU 3",0.114058810992542,2.23442993734425,0.193926425226803,1.85083776427275,0.164901708292204,0.265904902333869,0.0403217025677301,-0.657690615833333,2.16,-0.556666666666667,-0.565353760744055
"178",1997,"one_YO_summer QEQU 3",0.114058810992542,2.23442993734425,0.193926425226803,1.85083776427275,0.164901708292204,0.265904902333869,0.0403217025677301,-0.657690615833333,2.16,-0.556666666666667,-0.565353760744055
"179",1997,"one_YO_summer LEWI 3",-0.498079310809765,2.23442993734425,0.193926425226803,1.85083776427275,0.164901708292204,0.265904902333869,0.0403217025677301,-0.657690615833333,2.16,-0.556666666666667,-0.565353760744055
"180",1997,"one_YO_summer MNPR 3",0.188526595227807,2.23442993734425,0.193926425226803,1.85083776427275,0.164901708292204,0.265904902333869,0.0403217025677301,-0.657690615833333,2.16,-0.556666666666667,-0.565353760744055
"181",1997,"one_YO_summer SAND 3",-1.84971967033523,2.23442993734425,0.193926425226803,1.85083776427275,0.164901708292204,0.265904902333869,0.0403217025677301,-0.657690615833333,2.16,-0.556666666666667,-0.565353760744055
"182",1997,"one_YO_summer SIYA 3",-0.443638128368178,2.23442993734425,0.193926425226803,1.85083776427275,0.164901708292204,0.265904902333869,0.0403217025677301,-0.657690615833333,2.16,-0.556666666666667,-0.565353760744055
"183",1997,"one_YO_summer SIYA 3",-0.443638128368178,2.23442993734425,0.193926425226803,1.85083776427275,0.164901708292204,0.265904902333869,0.0403217025677301,-0.657690615833333,2.16,-0.556666666666667,-0.565353760744055
"184",1998,"one_YO_summer SAWA 3",-0.37122961641788,0.317672322607817,0.370556194343786,-0.211914018203839,-0.799018308171118,1.90323029965095,0.204636258351094,0.544553282666667,-1.49,2.31,-0.367296558184968
"185",1998,"one_YO_summer MNPR 3",-0.18788457739326,0.317672322607817,0.370556194343786,-0.211914018203839,-0.799018308171118,1.90323029965095,0.204636258351094,0.544553282666667,-1.49,2.31,-0.367296558184968
"186",1998,"one_YO_summer SIYA 3",0.657730269592294,0.317672322607817,0.370556194343786,-0.211914018203839,-0.799018308171118,1.90323029965095,0.204636258351094,0.544553282666667,-1.49,2.31,-0.367296558184968
"187",1998,"one_YO_summer TILN 1",0.64381807740535,0.317672322607817,0.370556194343786,-0.211914018203839,-0.799018308171118,1.90323029965095,0.204636258351094,0.544553282666667,-1.49,2.31,-0.367296558184968
"188",1998,"one_YO_summer QEQU 3",-0.0259067890178324,0.317672322607817,0.370556194343786,-0.211914018203839,-0.799018308171118,1.90323029965095,0.204636258351094,0.544553282666667,-1.49,2.31,-0.367296558184968
"189",1998,"one_YO_summer QEQU 3",-0.0259067890178324,0.317672322607817,0.370556194343786,-0.211914018203839,-0.799018308171118,1.90323029965095,0.204636258351094,0.544553282666667,-1.49,2.31,-0.367296558184968
"190",1998,"one_YO_summer SAWA 3",-0.37122961641788,0.317672322607817,0.370556194343786,-0.211914018203839,-0.799018308171118,1.90323029965095,0.204636258351094,0.544553282666667,-1.49,2.31,-0.367296558184968
"191",1998,"one_YO_summer SIYA 3",0.657730269592294,0.317672322607817,0.370556194343786,-0.211914018203839,-0.799018308171118,1.90323029965095,0.204636258351094,0.544553282666667,-1.49,2.31,-0.367296558184968
"192",1998,"one_YO_summer WIND 3",-0.355880252296755,0.317672322607817,0.370556194343786,-0.211914018203839,-0.799018308171118,1.90323029965095,0.204636258351094,0.544553282666667,-1.49,2.31,-0.367296558184968
"193",1998,"one_YO_summer MNPR 3",-0.18788457739326,0.317672322607817,0.370556194343786,-0.211914018203839,-0.799018308171118,1.90323029965095,0.204636258351094,0.544553282666667,-1.49,2.31,-0.367296558184968
"194",1998,"one_YO_summer LEWI 3",-0.26859957354072,0.317672322607817,0.370556194343786,-0.211914018203839,-0.799018308171118,1.90323029965095,0.204636258351094,0.544553282666667,-1.49,2.31,-0.367296558184968
"195",1999,"one_YO_summer TILN 1",-1.43707349817829,-1.19561454789176,-0.396300293796364,-1.78052470515679,-0.288288641647202,0.121788241445324,0.78409075845619,1.51578051666667,-1.14333333333333,-1.18333333333333,-0.367296558184968
"196",1999,"one_YO_summer SIYA 3",-0.386028616586033,-1.19561454789176,-0.396300293796364,-1.78052470515679,-0.288288641647202,0.121788241445324,0.78409075845619,1.51578051666667,-1.14333333333333,-1.18333333333333,-0.367296558184968
"197",1999,"one_YO_summer SIYA 3",-0.386028616586033,-1.19561454789176,-0.396300293796364,-1.78052470515679,-0.288288641647202,0.121788241445324,0.78409075845619,1.51578051666667,-1.14333333333333,-1.18333333333333,-0.367296558184968
"198",1999,"one_YO_summer SAWA 3",0.362116026951783,-1.19561454789176,-0.396300293796364,-1.78052470515679,-0.288288641647202,0.121788241445324,0.78409075845619,1.51578051666667,-1.14333333333333,-1.18333333333333,-0.367296558184968
"199",1999,"one_YO_summer QEQU 3",-0.0479373055299465,-1.19561454789176,-0.396300293796364,-1.78052470515679,-0.288288641647202,0.121788241445324,0.78409075845619,1.51578051666667,-1.14333333333333,-1.18333333333333,-0.367296558184968
"200",1999,"one_YO_summer QEQU 3",-0.0479373055299465,-1.19561454789176,-0.396300293796364,-1.78052470515679,-0.288288641647202,0.121788241445324,0.78409075845619,1.51578051666667,-1.14333333333333,-1.18333333333333,-0.367296558184968
"201",1999,"one_YO_summer SAWA 3",0.362116026951783,-1.19561454789176,-0.396300293796364,-1.78052470515679,-0.288288641647202,0.121788241445324,0.78409075845619,1.51578051666667,-1.14333333333333,-1.18333333333333,-0.367296558184968
"202",1999,"one_YO_summer MNPR 3",0.297462383365939,-1.19561454789176,-0.396300293796364,-1.78052470515679,-0.288288641647202,0.121788241445324,0.78409075845619,1.51578051666667,-1.14333333333333,-1.18333333333333,-0.367296558184968
"203",1999,"one_YO_summer MNPR 3",0.297462383365939,-1.19561454789176,-0.396300293796364,-1.78052470515679,-0.288288641647202,0.121788241445324,0.78409075845619,1.51578051666667,-1.14333333333333,-1.18333333333333,-0.367296558184968
"204",1999,"one_YO_summer LEWI 3",0.139300745902979,-1.19561454789176,-0.396300293796364,-1.78052470515679,-0.288288641647202,0.121788241445324,0.78409075845619,1.51578051666667,-1.14333333333333,-1.18333333333333,-0.367296558184968
"205",2000,"one_YO_summer SAWA 3",0.71254935228624,0.403376416443713,-0.557699114221266,-0.955998574835366,-0.799018308171118,0.17383036898841,0.371047940498072,1.88586129166667,-0.34,-1.29666666666667,-0.621941532903792
"206",2000,"one_YO_summer SIYA 3",0.912402460865763,0.403376416443713,-0.557699114221266,-0.955998574835366,-0.799018308171118,0.17383036898841,0.371047940498072,1.88586129166667,-0.34,-1.29666666666667,-0.621941532903792
"207",2000,"one_YO_summer MNPR 3",0.717228312741169,0.403376416443713,-0.557699114221266,-0.955998574835366,-0.799018308171118,0.17383036898841,0.371047940498072,1.88586129166667,-0.34,-1.29666666666667,-0.621941532903792
"208",2000,"one_YO_summer TILN 1",3.48365327086684,0.403376416443713,-0.557699114221266,-0.955998574835366,-0.799018308171118,0.17383036898841,0.371047940498072,1.88586129166667,-0.34,-1.29666666666667,-0.621941532903792
"209",2000,"one_YO_summer SIYA 3",0.912402460865763,0.403376416443713,-0.557699114221266,-0.955998574835366,-0.799018308171118,0.17383036898841,0.371047940498072,1.88586129166667,-0.34,-1.29666666666667,-0.621941532903792
"210",2000,"one_YO_summer MNPR 3",0.717228312741169,0.403376416443713,-0.557699114221266,-0.955998574835366,-0.799018308171118,0.17383036898841,0.371047940498072,1.88586129166667,-0.34,-1.29666666666667,-0.621941532903792
"211",2000,"one_YO_summer LEWI 3",0.442087717008785,0.403376416443713,-0.557699114221266,-0.955998574835366,-0.799018308171118,0.17383036898841,0.371047940498072,1.88586129166667,-0.34,-1.29666666666667,-0.621941532903792
"212",2000,"one_YO_summer WIND 3",-0.34214457959357,0.403376416443713,-0.557699114221266,-0.955998574835366,-0.799018308171118,0.17383036898841,0.371047940498072,1.88586129166667,-0.34,-1.29666666666667,-0.621941532903792
"213",2000,"one_YO_summer SAWA 3",0.71254935228624,0.403376416443713,-0.557699114221266,-0.955998574835366,-0.799018308171118,0.17383036898841,0.371047940498072,1.88586129166667,-0.34,-1.29666666666667,-0.621941532903792
"214",2000,"one_YO_summer QEQU 3",0.218704448182539,0.403376416443713,-0.557699114221266,-0.955998574835366,-0.799018308171118,0.17383036898841,0.371047940498072,1.88586129166667,-0.34,-1.29666666666667,-0.621941532903792
"215",2000,"one_YO_summer QEQU 3",0.218704448182539,0.403376416443713,-0.557699114221266,-0.955998574835366,-0.799018308171118,0.17383036898841,0.371047940498072,1.88586129166667,-0.34,-1.29666666666667,-0.621941532903792
"216",2001,"one_YO_summer MNPR 3",-0.591572827052487,-0.0536940408630644,-0.056419415035467,-0.965574952655592,1.94804802115913,0.670232200937842,0.665843287987812,2.080693375,0.0833333333333333,-0.826666666666667,1.16057329012797
"217",2001,"one_YO_summer SIYA 3",-0.728085543491005,-0.0536940408630644,-0.056419415035467,-0.965574952655592,1.94804802115913,0.670232200937842,0.665843287987812,2.080693375,0.0833333333333333,-0.826666666666667,1.16057329012797
"218",2001,"one_YO_summer WIND 3",0.836811379803565,-0.0536940408630644,-0.056419415035467,-0.965574952655592,1.94804802115913,0.670232200937842,0.665843287987812,2.080693375,0.0833333333333333,-0.826666666666667,1.16057329012797
"219",2001,"one_YO_summer LEWI 3",0.769966820358255,-0.0536940408630644,-0.056419415035467,-0.965574952655592,1.94804802115913,0.670232200937842,0.665843287987812,2.080693375,0.0833333333333333,-0.826666666666667,1.16057329012797
"220",2001,"one_YO_summer MNPR 3",-0.591572827052487,-0.0536940408630644,-0.056419415035467,-0.965574952655592,1.94804802115913,0.670232200937842,0.665843287987812,2.080693375,0.0833333333333333,-0.826666666666667,1.16057329012797
"221",2001,"one_YO_summer QEQU 3",0.387507945508195,-0.0536940408630644,-0.056419415035467,-0.965574952655592,1.94804802115913,0.670232200937842,0.665843287987812,2.080693375,0.0833333333333333,-0.826666666666667,1.16057329012797
"222",2001,"one_YO_summer SIYA 3",-0.728085543491005,-0.0536940408630644,-0.056419415035467,-0.965574952655592,1.94804802115913,0.670232200937842,0.665843287987812,2.080693375,0.0833333333333333,-0.826666666666667,1.16057329012797
"223",2001,"one_YO_summer QEQU 3",0.387507945508195,-0.0536940408630644,-0.056419415035467,-0.965574952655592,1.94804802115913,0.670232200937842,0.665843287987812,2.080693375,0.0833333333333333,-0.826666666666667,1.16057329012797
"224",2001,"one_YO_summer SAWA 3",-0.294539776026292,-0.0536940408630644,-0.056419415035467,-0.965574952655592,1.94804802115913,0.670232200937842,0.665843287987812,2.080693375,0.0833333333333333,-0.826666666666667,1.16057329012797
"225",2001,"one_YO_summer SAWA 3",-0.294539776026292,-0.0536940408630644,-0.056419415035467,-0.965574952655592,1.94804802115913,0.670232200937842,0.665843287987812,2.080693375,0.0833333333333333,-0.826666666666667,1.16057329012797
"226",2001,"one_YO_summer TILN 1",0.233369047358507,-0.0536940408630644,-0.056419415035467,-0.965574952655592,1.94804802115913,0.670232200937842,0.665843287987812,2.080693375,0.0833333333333333,-0.826666666666667,1.16057329012797
"227",2002,"one_YO_summer QEQU 3",0.154721859072003,0.231136122215984,-0.429384940794145,-0.166905042448778,-0.799018308171118,-0.0783737875665434,-0.0761956512682028,1.47359396,0.743333333333333,-0.13,0.849340543249412
"228",2002,"one_YO_summer SAWA 3",-0.359670972766963,0.231136122215984,-0.429384940794145,-0.166905042448778,-0.799018308171118,-0.0783737875665434,-0.0761956512682028,1.47359396,0.743333333333333,-0.13,0.849340543249412
"229",2002,"one_YO_summer MNPR 3",-0.303869926023113,0.231136122215984,-0.429384940794145,-0.166905042448778,-0.799018308171118,-0.0783737875665434,-0.0761956512682028,1.47359396,0.743333333333333,-0.13,0.849340543249412
"230",2002,"one_YO_summer SAWA 3",-0.359670972766963,0.231136122215984,-0.429384940794145,-0.166905042448778,-0.799018308171118,-0.0783737875665434,-0.0761956512682028,1.47359396,0.743333333333333,-0.13,0.849340543249412
"231",2002,"one_YO_summer TILN 1",-1.85729608958529,0.231136122215984,-0.429384940794145,-0.166905042448778,-0.799018308171118,-0.0783737875665434,-0.0761956512682028,1.47359396,0.743333333333333,-0.13,0.849340543249412
"232",2002,"one_YO_summer QEQU 3",0.154721859072003,0.231136122215984,-0.429384940794145,-0.166905042448778,-0.799018308171118,-0.0783737875665434,-0.0761956512682028,1.47359396,0.743333333333333,-0.13,0.849340543249412
"233",2002,"one_YO_summer SIYA 3",0.316212970296618,0.231136122215984,-0.429384940794145,-0.166905042448778,-0.799018308171118,-0.0783737875665434,-0.0761956512682028,1.47359396,0.743333333333333,-0.13,0.849340543249412
"234",2002,"one_YO_summer MNPR 3",-0.303869926023113,0.231136122215984,-0.429384940794145,-0.166905042448778,-0.799018308171118,-0.0783737875665434,-0.0761956512682028,1.47359396,0.743333333333333,-0.13,0.849340543249412
"235",2002,"one_YO_summer LEWI 3",0.310080682951355,0.231136122215984,-0.429384940794145,-0.166905042448778,-0.799018308171118,-0.0783737875665434,-0.0761956512682028,1.47359396,0.743333333333333,-0.13,0.849340543249412
"236",2002,"one_YO_summer SIYA 3",0.316212970296618,0.231136122215984,-0.429384940794145,-0.166905042448778,-0.799018308171118,-0.0783737875665434,-0.0761956512682028,1.47359396,0.743333333333333,-0.13,0.849340543249412
"237",2003,"one_YO_summer LEWI 3",-0.298567352819975,1.04694803232557,0.459754832859697,0.776368172843441,2.21043339480075,1.1906534763687,1.14557579794655,0.958507189166667,0.0533333333333333,0.65,1.18886717620784
"238",2003,"one_YO_summer MNPR 3",-0.479468839896047,1.04694803232557,0.459754832859697,0.776368172843441,2.21043339480075,1.1906534763687,1.14557579794655,0.958507189166667,0.0533333333333333,0.65,1.18886717620784
"239",2003,"one_YO_summer QEQU 3",0.0743820102137282,1.04694803232557,0.459754832859697,0.776368172843441,2.21043339480075,1.1906534763687,1.14557579794655,0.958507189166667,0.0533333333333333,0.65,1.18886717620784
"240",2003,"one_YO_summer SIYA 3",-0.518761765324967,1.04694803232557,0.459754832859697,0.776368172843441,2.21043339480075,1.1906534763687,1.14557579794655,0.958507189166667,0.0533333333333333,0.65,1.18886717620784
"241",2003,"one_YO_summer SAWA 3",-0.276227620325799,1.04694803232557,0.459754832859697,0.776368172843441,2.21043339480075,1.1906534763687,1.14557579794655,0.958507189166667,0.0533333333333333,0.65,1.18886717620784
"242",2003,"one_YO_summer MNPR 3",-0.479468839896047,1.04694803232557,0.459754832859697,0.776368172843441,2.21043339480075,1.1906534763687,1.14557579794655,0.958507189166667,0.0533333333333333,0.65,1.18886717620784
"243",2003,"one_YO_summer TILN 1",0.181842253937607,1.04694803232557,0.459754832859697,0.776368172843441,2.21043339480075,1.1906534763687,1.14557579794655,0.958507189166667,0.0533333333333333,0.65,1.18886717620784
"244",2003,"one_YO_summer SAWA 3",-0.276227620325799,1.04694803232557,0.459754832859697,0.776368172843441,2.21043339480075,1.1906534763687,1.14557579794655,0.958507189166667,0.0533333333333333,0.65,1.18886717620784
"245",2003,"one_YO_summer QEQU 3",0.0743820102137282,1.04694803232557,0.459754832859697,0.776368172843441,2.21043339480075,1.1906534763687,1.14557579794655,0.958507189166667,0.0533333333333333,0.65,1.18886717620784
"246",2003,"one_YO_summer SIYA 3",-0.518761765324967,1.04694803232557,0.459754832859697,0.776368172843441,2.21043339480075,1.1906534763687,1.14557579794655,0.958507189166667,0.0533333333333333,0.65,1.18886717620784
"247",2004,"one_YO_summer MNPR 3",-0.454492472171868,1.67643665759551,0.0426888246645873,0.0801655053130415,-0.799018308171118,1.20266319810941,-0.0823394740025727,0.209460249333333,0.57,-0.106666666666667,0.141993391252679
"248",2004,"one_YO_summer QEQU 3",-0.0108824352041802,1.67643665759551,0.0426888246645873,0.0801655053130415,-0.799018308171118,1.20266319810941,-0.0823394740025727,0.209460249333333,0.57,-0.106666666666667,0.141993391252679
"249",2004,"one_YO_summer LEWI 3",-1.17548610432976,1.67643665759551,0.0426888246645873,0.0801655053130415,-0.799018308171118,1.20266319810941,-0.0823394740025727,0.209460249333333,0.57,-0.106666666666667,0.141993391252679
"250",2004,"one_YO_summer SAWA 3",-0.916806879067027,1.67643665759551,0.0426888246645873,0.0801655053130415,-0.799018308171118,1.20266319810941,-0.0823394740025727,0.209460249333333,0.57,-0.106666666666667,0.141993391252679
"251",2004,"one_YO_summer TILN 1",-0.245475388544803,1.67643665759551,0.0426888246645873,0.0801655053130415,-0.799018308171118,1.20266319810941,-0.0823394740025727,0.209460249333333,0.57,-0.106666666666667,0.141993391252679
"252",2004,"one_YO_summer SAND 3",0.24338541373456,1.67643665759551,0.0426888246645873,0.0801655053130415,-0.799018308171118,1.20266319810941,-0.0823394740025727,0.209460249333333,0.57,-0.106666666666667,0.141993391252679
"253",2004,"one_YO_summer QEQU 3",-0.0108824352041802,1.67643665759551,0.0426888246645873,0.0801655053130415,-0.799018308171118,1.20266319810941,-0.0823394740025727,0.209460249333333,0.57,-0.106666666666667,0.141993391252679
"254",2004,"one_YO_summer WIND 3",0.149333520157123,1.67643665759551,0.0426888246645873,0.0801655053130415,-0.799018308171118,1.20266319810941,-0.0823394740025727,0.209460249333333,0.57,-0.106666666666667,0.141993391252679
"255",2004,"one_YO_summer MNPR 3",-0.454492472171868,1.67643665759551,0.0426888246645873,0.0801655053130415,-0.799018308171118,1.20266319810941,-0.0823394740025727,0.209460249333333,0.57,-0.106666666666667,0.141993391252679
"256",2004,"one_YO_summer SAWA 3",-0.916806879067027,1.67643665759551,0.0426888246645873,0.0801655053130415,-0.799018308171118,1.20266319810941,-0.0823394740025727,0.209460249333333,0.57,-0.106666666666667,0.141993391252679
"257",2005,"one_YO_summer LEWI 3",-0.181448377014317,1.45890098300003,0.153145954800748,0.121343929940012,0.420772281303737,0.430037766123601,1.59880216679694,-1.38061641,-0.0266666666666667,0.503333333333333,0.113699505172807
"258",2005,"one_YO_summer QEQU 3",-0.0123599325221059,1.45890098300003,0.153145954800748,0.121343929940012,0.420772281303737,0.430037766123601,1.59880216679694,-1.38061641,-0.0266666666666667,0.503333333333333,0.113699505172807
"259",2005,"one_YO_summer WIND 3",0.0731534152760166,1.45890098300003,0.153145954800748,0.121343929940012,0.420772281303737,0.430037766123601,1.59880216679694,-1.38061641,-0.0266666666666667,0.503333333333333,0.113699505172807
"260",2005,"one_YO_summer MNPR 3",0.01541620404338,1.45890098300003,0.153145954800748,0.121343929940012,0.420772281303737,0.430037766123601,1.59880216679694,-1.38061641,-0.0266666666666667,0.503333333333333,0.113699505172807
"261",2005,"one_YO_summer TILN 1",-0.343007114353866,1.45890098300003,0.153145954800748,0.121343929940012,0.420772281303737,0.430037766123601,1.59880216679694,-1.38061641,-0.0266666666666667,0.503333333333333,0.113699505172807
"262",2005,"one_YO_summer SAWA 3",0.119102879654453,1.45890098300003,0.153145954800748,0.121343929940012,0.420772281303737,0.430037766123601,1.59880216679694,-1.38061641,-0.0266666666666667,0.503333333333333,0.113699505172807
"263",2005,"one_YO_summer QEQU 3",-0.0123599325221059,1.45890098300003,0.153145954800748,0.121343929940012,0.420772281303737,0.430037766123601,1.59880216679694,-1.38061641,-0.0266666666666667,0.503333333333333,0.113699505172807
"264",2005,"one_YO_summer MNPR 3",0.01541620404338,1.45890098300003,0.153145954800748,0.121343929940012,0.420772281303737,0.430037766123601,1.59880216679694,-1.38061641,-0.0266666666666667,0.503333333333333,0.113699505172807
"265",2005,"one_YO_summer SAWA 3",0.119102879654453,1.45890098300003,0.153145954800748,0.121343929940012,0.420772281303737,0.430037766123601,1.59880216679694,-1.38061641,-0.0266666666666667,0.503333333333333,0.113699505172807
"266",2006,"one_YO_summer SAWA 3",0.849544778431319,0.441725675563844,0.160634203203793,-0.0653954375543873,-0.799018308171118,0.217866015371021,-0.244572503285879,-0.5538727425,0.433333333333333,-0.596666666666667,1.1322794040481
"267",2006,"one_YO_summer SAWA 3",0.849544778431319,0.441725675563844,0.160634203203793,-0.0653954375543873,-0.799018308171118,0.217866015371021,-0.244572503285879,-0.5538727425,0.433333333333333,-0.596666666666667,1.1322794040481
"268",2006,"one_YO_summer WIND 3",0.876374293506474,0.441725675563844,0.160634203203793,-0.0653954375543873,-0.799018308171118,0.217866015371021,-0.244572503285879,-0.5538727425,0.433333333333333,-0.596666666666667,1.1322794040481
"269",2006,"one_YO_summer LEWI 3",-0.909159432126054,0.441725675563844,0.160634203203793,-0.0653954375543873,-0.799018308171118,0.217866015371021,-0.244572503285879,-0.5538727425,0.433333333333333,-0.596666666666667,1.1322794040481
"270",2006,"one_YO_summer SIYA 3",-0.651276138165891,0.441725675563844,0.160634203203793,-0.0653954375543873,-0.799018308171118,0.217866015371021,-0.244572503285879,-0.5538727425,0.433333333333333,-0.596666666666667,1.1322794040481
"271",2006,"one_YO_summer MNPR 3",-0.283368301660153,0.441725675563844,0.160634203203793,-0.0653954375543873,-0.799018308171118,0.217866015371021,-0.244572503285879,-0.5538727425,0.433333333333333,-0.596666666666667,1.1322794040481
"272",2006,"one_YO_summer MNPR 3",-0.283368301660153,0.441725675563844,0.160634203203793,-0.0653954375543873,-0.799018308171118,0.217866015371021,-0.244572503285879,-0.5538727425,0.433333333333333,-0.596666666666667,1.1322794040481
"273",2006,"one_YO_summer TILN 1",-0.121768352152515,0.441725675563844,0.160634203203793,-0.0653954375543873,-0.799018308171118,0.217866015371021,-0.244572503285879,-0.5538727425,0.433333333333333,-0.596666666666667,1.1322794040481
"274",2006,"one_YO_summer SIYA 3",-0.651276138165891,0.441725675563844,0.160634203203793,-0.0653954375543873,-0.799018308171118,0.217866015371021,-0.244572503285879,-0.5538727425,0.433333333333333,-0.596666666666667,1.1322794040481
"275",2006,"one_YO_summer QEQU 3",-0.64005641423624,0.441725675563844,0.160634203203793,-0.0653954375543873,-0.799018308171118,0.217866015371021,-0.244572503285879,-0.5538727425,0.433333333333333,-0.596666666666667,1.1322794040481
"276",2006,"one_YO_summer QEQU 3",-0.64005641423624,0.441725675563844,0.160634203203793,-0.0653954375543873,-0.799018308171118,0.217866015371021,-0.244572503285879,-0.5538727425,0.433333333333333,-0.596666666666667,1.1322794040481
"277",2007,"one_YO_summer SAWA 3",-1.23403287632853,0.36166980256232,-0.356325072666694,-0.469518581567907,0.402634833357677,0.289924345815293,1.49455497740617,0.59326066,-0.933333333333333,0.263333333333333,-0.480472102504447
"278",2007,"one_YO_summer QEQU 3",-0.592987672220033,0.36166980256232,-0.356325072666694,-0.469518581567907,0.402634833357677,0.289924345815293,1.49455497740617,0.59326066,-0.933333333333333,0.263333333333333,-0.480472102504447
"279",2007,"one_YO_summer SAWA 3",-1.23403287632853,0.36166980256232,-0.356325072666694,-0.469518581567907,0.402634833357677,0.289924345815293,1.49455497740617,0.59326066,-0.933333333333333,0.263333333333333,-0.480472102504447
"280",2007,"one_YO_summer WIND 3",-2.08075940328849,0.36166980256232,-0.356325072666694,-0.469518581567907,0.402634833357677,0.289924345815293,1.49455497740617,0.59326066,-0.933333333333333,0.263333333333333,-0.480472102504447
"281",2007,"one_YO_summer QEQU 3",-0.592987672220033,0.36166980256232,-0.356325072666694,-0.469518581567907,0.402634833357677,0.289924345815293,1.49455497740617,0.59326066,-0.933333333333333,0.263333333333333,-0.480472102504447
"282",2007,"one_YO_summer MNPR 3",-0.63140646734613,0.36166980256232,-0.356325072666694,-0.469518581567907,0.402634833357677,0.289924345815293,1.49455497740617,0.59326066,-0.933333333333333,0.263333333333333,-0.480472102504447
"283",2007,"one_YO_summer MNPR 3",-0.63140646734613,0.36166980256232,-0.356325072666694,-0.469518581567907,0.402634833357677,0.289924345815293,1.49455497740617,0.59326066,-0.933333333333333,0.263333333333333,-0.480472102504447
"284",2007,"one_YO_summer TILN 1",-0.459203301421547,0.36166980256232,-0.356325072666694,-0.469518581567907,0.402634833357677,0.289924345815293,1.49455497740617,0.59326066,-0.933333333333333,0.263333333333333,-0.480472102504447
"285",2007,"one_YO_summer LEWI 3",-1.38342964847498,0.36166980256232,-0.356325072666694,-0.469518581567907,0.402634833357677,0.289924345815293,1.49455497740617,0.59326066,-0.933333333333333,0.263333333333333,-0.480472102504447
"286",2008,"one_YO_summer SAWA 3",-0.114565835174276,-0.517764664251927,-0.623958031816044,-1.57367494423992,-0.799018308171118,-0.37061034992387,0.549284869805161,1.45498640833333,-1.00666666666667,-1.29666666666667,0.594695568530589
"287",2008,"one_YO_summer QEQU 3",0.369998367917458,-0.517764664251927,-0.623958031816044,-1.57367494423992,-0.799018308171118,-0.37061034992387,0.549284869805161,1.45498640833333,-1.00666666666667,-1.29666666666667,0.594695568530589
"288",2008,"one_YO_summer TILN 1",-0.0147386010717736,-0.517764664251927,-0.623958031816044,-1.57367494423992,-0.799018308171118,-0.37061034992387,0.549284869805161,1.45498640833333,-1.00666666666667,-1.29666666666667,0.594695568530589
"289",2008,"one_YO_summer QEQU 3",0.369998367917458,-0.517764664251927,-0.623958031816044,-1.57367494423992,-0.799018308171118,-0.37061034992387,0.549284869805161,1.45498640833333,-1.00666666666667,-1.29666666666667,0.594695568530589
"290",2008,"one_YO_summer LEWI 3",1.07851428810852,-0.517764664251927,-0.623958031816044,-1.57367494423992,-0.799018308171118,-0.37061034992387,0.549284869805161,1.45498640833333,-1.00666666666667,-1.29666666666667,0.594695568530589
"291",2008,"one_YO_summer SAWA 3",-0.114565835174276,-0.517764664251927,-0.623958031816044,-1.57367494423992,-0.799018308171118,-0.37061034992387,0.549284869805161,1.45498640833333,-1.00666666666667,-1.29666666666667,0.594695568530589
"292",2009,"one_YO_summer SAWA 3",-1.61448399001556,0.485129521620007,-0.585674311443307,-0.847785505466817,2.16449876554314,-1.51553715587175,-0.120224706173286,0.736277515,0.466666666666667,-0.933333333333333,1.66986323956562
"293",2009,"one_YO_summer TILN 1",-0.525362953658302,0.485129521620007,-0.585674311443307,-0.847785505466817,2.16449876554314,-1.51553715587175,-0.120224706173286,0.736277515,0.466666666666667,-0.933333333333333,1.66986323956562
"294",2009,"one_YO_summer QEQU 3",-0.00802578151938342,0.485129521620007,-0.585674311443307,-0.847785505466817,2.16449876554314,-1.51553715587175,-0.120224706173286,0.736277515,0.466666666666667,-0.933333333333333,1.66986323956562
"295",2009,"one_YO_summer QEQU 3",-0.00802578151938342,0.485129521620007,-0.585674311443307,-0.847785505466817,2.16449876554314,-1.51553715587175,-0.120224706173286,0.736277515,0.466666666666667,-0.933333333333333,1.66986323956562
"296",2009,"one_YO_summer LEWI 3",-0.543864941749036,0.485129521620007,-0.585674311443307,-0.847785505466817,2.16449876554314,-1.51553715587175,-0.120224706173286,0.736277515,0.466666666666667,-0.933333333333333,1.66986323956562
"297",2009,"one_YO_summer SAWA 3",-1.61448399001556,0.485129521620007,-0.585674311443307,-0.847785505466817,2.16449876554314,-1.51553715587175,-0.120224706173286,0.736277515,0.466666666666667,-0.933333333333333,1.66986323956562
"298",2010,"one_YO_summer TILN 1",-0.865658872625141,-0.628832158021384,0.0169735035677066,-0.881302827837607,-0.799018308171118,1.70306827063908,1.94451666186956,1.3701422925,-2.37,1.17333333333333,-1.32928868490052
"299",2010,"one_YO_summer LEWI 3",-0.630141386487801,-0.628832158021384,0.0169735035677066,-0.881302827837607,-0.799018308171118,1.70306827063908,1.94451666186956,1.3701422925,-2.37,1.17333333333333,-1.32928868490052
"300",2010,"one_YO_summer SAWA 3",-0.257315811773893,-0.628832158021384,0.0169735035677066,-0.881302827837607,-0.799018308171118,1.70306827063908,1.94451666186956,1.3701422925,-2.37,1.17333333333333,-1.32928868490052
"301",2010,"one_YO_summer QEQU 3",-0.218866665528865,-0.628832158021384,0.0169735035677066,-0.881302827837607,-0.799018308171118,1.70306827063908,1.94451666186956,1.3701422925,-2.37,1.17333333333333,-1.32928868490052
"302",2010,"one_YO_summer WIND 3",-2.28976755673368,-0.628832158021384,0.0169735035677066,-0.881302827837607,-0.799018308171118,1.70306827063908,1.94451666186956,1.3701422925,-2.37,1.17333333333333,-1.32928868490052
"303",2010,"one_YO_summer SAWA 3",-0.257315811773893,-0.628832158021384,0.0169735035677066,-0.881302827837607,-0.799018308171118,1.70306827063908,1.94451666186956,1.3701422925,-2.37,1.17333333333333,-1.32928868490052
"304",2010,"one_YO_summer QEQU 3",-0.218866665528865,-0.628832158021384,0.0169735035677066,-0.881302827837607,-0.799018308171118,1.70306827063908,1.94451666186956,1.3701422925,-2.37,1.17333333333333,-1.32928868490052
"305",2011,"one_YO_summer QEQU 3",-0.595692399201227,-0.595192488535827,-0.230900381077295,-1.74413446943993,1.94856862868421,-0.178454802072477,-0.0104153854310411,0.857256779166667,-0.966666666666667,-1.75,-0.112651583466145
"306",2011,"one_YO_summer SAWA 3",-0.595114051019331,-0.595192488535827,-0.230900381077295,-1.74413446943993,1.94856862868421,-0.178454802072477,-0.0104153854310411,0.857256779166667,-0.966666666666667,-1.75,-0.112651583466145
"307",2011,"one_YO_summer QEQU 3",-0.595692399201227,-0.595192488535827,-0.230900381077295,-1.74413446943993,1.94856862868421,-0.178454802072477,-0.0104153854310411,0.857256779166667,-0.966666666666667,-1.75,-0.112651583466145
"308",2011,"one_YO_summer LEWI 3",-1.07601783886917,-0.595192488535827,-0.230900381077295,-1.74413446943993,1.94856862868421,-0.178454802072477,-0.0104153854310411,0.857256779166667,-0.966666666666667,-1.75,-0.112651583466145
"309",2011,"one_YO_summer SAWA 3",-0.595114051019331,-0.595192488535827,-0.230900381077295,-1.74413446943993,1.94856862868421,-0.178454802072477,-0.0104153854310411,0.857256779166667,-0.966666666666667,-1.75,-0.112651583466145
"310",2011,"one_YO_summer TILN 1",-0.839408446937124,-0.595192488535827,-0.230900381077295,-1.74413446943993,1.94856862868421,-0.178454802072477,-0.0104153854310411,0.857256779166667,-0.966666666666667,-1.75,-0.112651583466145
"311",2012,"one_YO_summer QEQU 3",-0.248948937467995,-1.03623082729869,-0.497541042442979,-1.65411651792981,-0.799018308171118,0.177833609568647,-0.156216298435908,1.47688079083333,-0.0266666666666667,-0.78,-0.819998735462878
"312",2012,"one_YO_summer SAWA 3",-1.0524473795678,-1.03623082729869,-0.497541042442979,-1.65411651792981,-0.799018308171118,0.177833609568647,-0.156216298435908,1.47688079083333,-0.0266666666666667,-0.78,-0.819998735462878
"313",2012,"one_YO_summer LEWI 3",-0.652765080676237,-1.03623082729869,-0.497541042442979,-1.65411651792981,-0.799018308171118,0.177833609568647,-0.156216298435908,1.47688079083333,-0.0266666666666667,-0.78,-0.819998735462878
"314",2012,"one_YO_summer SAND 3",-0.796951141066075,-1.03623082729869,-0.497541042442979,-1.65411651792981,-0.799018308171118,0.177833609568647,-0.156216298435908,1.47688079083333,-0.0266666666666667,-0.78,-0.819998735462878
"315",2012,"one_YO_summer SAWA 3",-1.0524473795678,-1.03623082729869,-0.497541042442979,-1.65411651792981,-0.799018308171118,0.177833609568647,-0.156216298435908,1.47688079083333,-0.0266666666666667,-0.78,-0.819998735462878
"316",2012,"one_YO_summer MNPR 3",-0.994380788642659,-1.03623082729869,-0.497541042442979,-1.65411651792981,-0.799018308171118,0.177833609568647,-0.156216298435908,1.47688079083333,-0.0266666666666667,-0.78,-0.819998735462878
"317",2012,"one_YO_summer QEQU 3",-0.248948937467995,-1.03623082729869,-0.497541042442979,-1.65411651792981,-0.799018308171118,0.177833609568647,-0.156216298435908,1.47688079083333,-0.0266666666666667,-0.78,-0.819998735462878
"318",2012,"one_YO_summer MNPR 3",-0.994380788642659,-1.03623082729869,-0.497541042442979,-1.65411651792981,-0.799018308171118,0.177833609568647,-0.156216298435908,1.47688079083333,-0.0266666666666667,-0.78,-0.819998735462878
"319",2012,"one_YO_summer TILN 1",-0.264869432413135,-1.03623082729869,-0.497541042442979,-1.65411651792981,-0.799018308171118,0.177833609568647,-0.156216298435908,1.47688079083333,-0.0266666666666667,-0.78,-0.819998735462878
"320",2013,"one_YO_summer SAWA 3",0.0203089681352797,0.909630332957457,-0.415322958258377,-1.0000499128084,1.81430771472583,0.0217072269393905,2.69964127137919,0.343828793333333,-0.576666666666667,-0.0866666666666667,0.679577226770196
"321",2013,"one_YO_summer SAWA 3",0.0203089681352797,0.909630332957457,-0.415322958258377,-1.0000499128084,1.81430771472583,0.0217072269393905,2.69964127137919,0.343828793333333,-0.576666666666667,-0.0866666666666667,0.679577226770196
"322",2013,"one_YO_summer LEWI 3",-0.291691047711551,0.909630332957457,-0.415322958258377,-1.0000499128084,1.81430771472583,0.0217072269393905,2.69964127137919,0.343828793333333,-0.576666666666667,-0.0866666666666667,0.679577226770196
"323",2013,"one_YO_summer QEQU 3",-0.23676038208819,0.909630332957457,-0.415322958258377,-1.0000499128084,1.81430771472583,0.0217072269393905,2.69964127137919,0.343828793333333,-0.576666666666667,-0.0866666666666667,0.679577226770196
"324",2013,"one_YO_summer MNPR 3",-1.35810372947635,0.909630332957457,-0.415322958258377,-1.0000499128084,1.81430771472583,0.0217072269393905,2.69964127137919,0.343828793333333,-0.576666666666667,-0.0866666666666667,0.679577226770196
"325",2013,"one_YO_summer MNPR 3",-1.35810372947635,0.909630332957457,-0.415322958258377,-1.0000499128084,1.81430771472583,0.0217072269393905,2.69964127137919,0.343828793333333,-0.576666666666667,-0.0866666666666667,0.679577226770196
"326",2013,"one_YO_summer QEQU 3",-0.23676038208819,0.909630332957457,-0.415322958258377,-1.0000499128084,1.81430771472583,0.0217072269393905,2.69964127137919,0.343828793333333,-0.576666666666667,-0.0866666666666667,0.679577226770196
"327",2013,"one_YO_summer TILN 1",-0.177827449819551,0.909630332957457,-0.415322958258377,-1.0000499128084,1.81430771472583,0.0217072269393905,2.69964127137919,0.343828793333333,-0.576666666666667,-0.0866666666666667,0.679577226770196
"328",2014,"one_YO_summer LEWI 3",-1.37264863846703,2.24362934748838,0.393420674746064,0.972683918158066,-0.799018308171118,-0.15843859917129,0.785994125338029,-0.249174041666667,0.11,-0.34,-0.84829262154275
"329",2014,"one_YO_summer SAWA 3",-0.674241441753115,2.24362934748838,0.393420674746064,0.972683918158066,-0.799018308171118,-0.15843859917129,0.785994125338029,-0.249174041666667,0.11,-0.34,-0.84829262154275
"330",2014,"one_YO_summer MNPR 3",-0.489698621500831,2.24362934748838,0.393420674746064,0.972683918158066,-0.799018308171118,-0.15843859917129,0.785994125338029,-0.249174041666667,0.11,-0.34,-0.84829262154275
"331",2014,"one_YO_summer MNPR 3",-0.489698621500831,2.24362934748838,0.393420674746064,0.972683918158066,-0.799018308171118,-0.15843859917129,0.785994125338029,-0.249174041666667,0.11,-0.34,-0.84829262154275
"332",2014,"one_YO_summer QEQU 3",-0.396259374613822,2.24362934748838,0.393420674746064,0.972683918158066,-0.799018308171118,-0.15843859917129,0.785994125338029,-0.249174041666667,0.11,-0.34,-0.84829262154275
"333",2014,"one_YO_summer WIND 3",-0.159854606338548,2.24362934748838,0.393420674746064,0.972683918158066,-0.799018308171118,-0.15843859917129,0.785994125338029,-0.249174041666667,0.11,-0.34,-0.84829262154275
"334",2014,"one_YO_summer SAWA 3",-0.674241441753115,2.24362934748838,0.393420674746064,0.972683918158066,-0.799018308171118,-0.15843859917129,0.785994125338029,-0.249174041666667,0.11,-0.34,-0.84829262154275
"335",2014,"one_YO_summer QEQU 3",-0.396259374613822,2.24362934748838,0.393420674746064,0.972683918158066,-0.799018308171118,-0.15843859917129,0.785994125338029,-0.249174041666667,0.11,-0.34,-0.84829262154275
"336",2015,"one_YO_summer SAWA 3",-1.16431699511058,2.7880837881646,1.36566235895815,1.38925635333788,0.827554676320086,0.205856293630309,2.19280771492713,-1.394540915,1.95333333333333,0.136666666666667,-0.310708786025232
"337",2015,"one_YO_summer SAWA 3",-1.16431699511058,2.7880837881646,1.36566235895815,1.38925635333788,0.827554676320086,0.205856293630309,2.19280771492713,-1.394540915,1.95333333333333,0.136666666666667,-0.310708786025232
"338",2015,"one_YO_summer WIND 3",-0.666842285014059,2.7880837881646,1.36566235895815,1.38925635333788,0.827554676320086,0.205856293630309,2.19280771492713,-1.394540915,1.95333333333333,0.136666666666667,-0.310708786025232
"339",2015,"one_YO_summer LEWI 3",-0.828348779518963,2.7880837881646,1.36566235895815,1.38925635333788,0.827554676320086,0.205856293630309,2.19280771492713,-1.394540915,1.95333333333333,0.136666666666667,-0.310708786025232
"340",2015,"one_YO_summer TILN 1",-0.646389667368898,2.7880837881646,1.36566235895815,1.38925635333788,0.827554676320086,0.205856293630309,2.19280771492713,-1.394540915,1.95333333333333,0.136666666666667,-0.310708786025232
"341",2015,"one_YO_summer QEQU 3",-0.475398323489591,2.7880837881646,1.36566235895815,1.38925635333788,0.827554676320086,0.205856293630309,2.19280771492713,-1.394540915,1.95333333333333,0.136666666666667,-0.310708786025232
"342",2015,"one_YO_summer QEQU 3",-0.475398323489591,2.7880837881646,1.36566235895815,1.38925635333788,0.827554676320086,0.205856293630309,2.19280771492713,-1.394540915,1.95333333333333,0.136666666666667,-0.310708786025232
"343",2015,"one_YO_summer MNPR 3",-1.43721336634163,2.7880837881646,1.36566235895815,1.38925635333788,0.827554676320086,0.205856293630309,2.19280771492713,-1.394540915,1.95333333333333,0.136666666666667,-0.310708786025232
"344",2015,"one_YO_summer MNPR 3",-1.43721336634163,2.7880837881646,1.36566235895815,1.38925635333788,0.827554676320086,0.205856293630309,2.19280771492713,-1.394540915,1.95333333333333,0.136666666666667,-0.310708786025232
