"","brood_year","length","age","run","release_type","sex","p52.5","fishery","gear","stock","SSTarc.summer_BY_1","SSTarc.winter_BY_1","PDO_BY_1","WA_Pinks_BY_1","ALPI_BY_1","Pinks_BY_1","NPGO_BY_1","MEI_BY_1","BI_BY_1","SSTarc.summer_BY_2","SSTarc.winter_BY_2","PDO_BY_2","WA_Pinks_BY_2","ALPI_BY_2","Pinks_BY_2","NPGO_BY_2","MEI_BY_2","BI_BY_2","SSTarc.summer_BY_3","SSTarc.winter_BY_3","PDO_BY_3","WA_Pinks_BY_3","ALPI_BY_3","Pinks_BY_3","NPGO_BY_3","MEI_BY_3","BI_BY_3","SSTarc.summer_BY_4","SSTarc.winter_BY_4","PDO_BY_4","WA_Pinks_BY_4","ALPI_BY_4","Pinks_BY_4","NPGO_BY_4","MEI_BY_4","BI_BY_4"
"1",1983,915,4,3,"one_YO_summer","M",1,54,"03","one_YO_summer ; 3 ; M ; COWL",-0.502123428602313,0.0485007154530492,0.0418599940321392,-0.653919964318058,-1.21529411235395,-1.10284432827766,-0.686691380833333,1.87333333333333,0.669767441860465,0.70907991206711,0.22893625559478,1.3011536773918,-0.407202900490464,2.10739556924305,-1.20209254139138,-0.221840562241667,-0.276666666666667,0.311627906976744,-0.148815741964107,0.36701537699535,0.692096048025456,-0.6685750088414,0.738287290801877,-1.31671850353485,-0.749107275833333,0.323333333333333,0.386046511627907,0.593602380044287,-0.217950721307733,0.46130534255802,0.0560304045580003,-0.326574703541259,-1.35680671173161,-0.737188575,0.226666666666667,0.586046511627907
"2",1983,740,3,3,"one_YO_summer","M",1,54,"03","one_YO_summer ; 3 ; M ; COWL",-0.502123428602313,0.0485007154530492,0.0418599940321392,-0.653919964318058,-1.21529411235395,-1.10284432827766,-0.686691380833333,1.87333333333333,0.669767441860465,0.70907991206711,0.22893625559478,1.3011536773918,-0.407202900490464,2.10739556924305,-1.20209254139138,-0.221840562241667,-0.276666666666667,0.311627906976744,-0.148815741964107,0.36701537699535,0.692096048025456,-0.6685750088414,0.738287290801877,-1.31671850353485,-0.749107275833333,0.323333333333333,0.386046511627907,0.593602380044287,-0.217950721307733,0.46130534255802,0.0560304045580003,-0.326574703541259,-1.35680671173161,-0.737188575,0.226666666666667,0.586046511627907
"3",1983,695,3,3,"one_YO_summer","M",1,46,"96","one_YO_summer ; 3 ; M ; COWL",-0.502123428602313,0.0485007154530492,0.0418599940321392,-0.653919964318058,-1.21529411235395,-1.10284432827766,-0.686691380833333,1.87333333333333,0.669767441860465,0.70907991206711,0.22893625559478,1.3011536773918,-0.407202900490464,2.10739556924305,-1.20209254139138,-0.221840562241667,-0.276666666666667,0.311627906976744,-0.148815741964107,0.36701537699535,0.692096048025456,-0.6685750088414,0.738287290801877,-1.31671850353485,-0.749107275833333,0.323333333333333,0.386046511627907,0.593602380044287,-0.217950721307733,0.46130534255802,0.0560304045580003,-0.326574703541259,-1.35680671173161,-0.737188575,0.226666666666667,0.586046511627907
"4",1983,847.272727272727,4,3,"one_YO_summer","M",1,50,"01","one_YO_summer ; 3 ; M ; COWL",-0.502123428602313,0.0485007154530492,0.0418599940321392,-0.653919964318058,-1.21529411235395,-1.10284432827766,-0.686691380833333,1.87333333333333,0.669767441860465,0.70907991206711,0.22893625559478,1.3011536773918,-0.407202900490464,2.10739556924305,-1.20209254139138,-0.221840562241667,-0.276666666666667,0.311627906976744,-0.148815741964107,0.36701537699535,0.692096048025456,-0.6685750088414,0.738287290801877,-1.31671850353485,-0.749107275833333,0.323333333333333,0.386046511627907,0.593602380044287,-0.217950721307733,0.46130534255802,0.0560304045580003,-0.326574703541259,-1.35680671173161,-0.737188575,0.226666666666667,0.586046511627907
"5",1983,714.224137931035,3,3,"one_YO_summer","M",1,50,"01","one_YO_summer ; 3 ; M ; COWL",-0.502123428602313,0.0485007154530492,0.0418599940321392,-0.653919964318058,-1.21529411235395,-1.10284432827766,-0.686691380833333,1.87333333333333,0.669767441860465,0.70907991206711,0.22893625559478,1.3011536773918,-0.407202900490464,2.10739556924305,-1.20209254139138,-0.221840562241667,-0.276666666666667,0.311627906976744,-0.148815741964107,0.36701537699535,0.692096048025456,-0.6685750088414,0.738287290801877,-1.31671850353485,-0.749107275833333,0.323333333333333,0.386046511627907,0.593602380044287,-0.217950721307733,0.46130534255802,0.0560304045580003,-0.326574703541259,-1.35680671173161,-0.737188575,0.226666666666667,0.586046511627907
"6",1984,920,4,3,"one_YO_summer","M",1,54,"03","one_YO_summer ; 3 ; M ; COWL",0.432627287177207,0.0145771380128532,1.7723114661469,0.218523021593632,2.74791406208103,-1.14006743800425,-0.09206469425,0.0766666666666667,0.213953488372093,-0.502123428602313,0.0485007154530492,0.0418599940321392,-0.653919964318058,-1.21529411235395,-1.10284432827766,-0.686691380833333,1.87333333333333,0.669767441860465,0.70907991206711,0.22893625559478,1.3011536773918,-0.407202900490464,2.10739556924305,-1.20209254139138,-0.221840562241667,-0.276666666666667,0.311627906976744,-0.148815741964107,0.36701537699535,0.692096048025456,-0.6685750088414,0.738287290801877,-1.31671850353485,-0.749107275833333,0.323333333333333,0.386046511627907
"7",1984,860,4,3,"one_YO_summer","M",1,21,"13","one_YO_summer ; 3 ; M ; COWL",0.432627287177207,0.0145771380128532,1.7723114661469,0.218523021593632,2.74791406208103,-1.14006743800425,-0.09206469425,0.0766666666666667,0.213953488372093,-0.502123428602313,0.0485007154530492,0.0418599940321392,-0.653919964318058,-1.21529411235395,-1.10284432827766,-0.686691380833333,1.87333333333333,0.669767441860465,0.70907991206711,0.22893625559478,1.3011536773918,-0.407202900490464,2.10739556924305,-1.20209254139138,-0.221840562241667,-0.276666666666667,0.311627906976744,-0.148815741964107,0.36701537699535,0.692096048025456,-0.6685750088414,0.738287290801877,-1.31671850353485,-0.749107275833333,0.323333333333333,0.386046511627907
"8",1984,853.095238095238,4,3,"one_YO_summer","M",1,50,"01","one_YO_summer ; 3 ; M ; COWL",0.432627287177207,0.0145771380128532,1.7723114661469,0.218523021593632,2.74791406208103,-1.14006743800425,-0.09206469425,0.0766666666666667,0.213953488372093,-0.502123428602313,0.0485007154530492,0.0418599940321392,-0.653919964318058,-1.21529411235395,-1.10284432827766,-0.686691380833333,1.87333333333333,0.669767441860465,0.70907991206711,0.22893625559478,1.3011536773918,-0.407202900490464,2.10739556924305,-1.20209254139138,-0.221840562241667,-0.276666666666667,0.311627906976744,-0.148815741964107,0.36701537699535,0.692096048025456,-0.6685750088414,0.738287290801877,-1.31671850353485,-0.749107275833333,0.323333333333333,0.386046511627907
"9",1984,692.432432432432,3,3,"one_YO_summer","M",1,50,"01","one_YO_summer ; 3 ; M ; COWL",0.432627287177207,0.0145771380128532,1.7723114661469,0.218523021593632,2.74791406208103,-1.14006743800425,-0.09206469425,0.0766666666666667,0.213953488372093,-0.502123428602313,0.0485007154530492,0.0418599940321392,-0.653919964318058,-1.21529411235395,-1.10284432827766,-0.686691380833333,1.87333333333333,0.669767441860465,0.70907991206711,0.22893625559478,1.3011536773918,-0.407202900490464,2.10739556924305,-1.20209254139138,-0.221840562241667,-0.276666666666667,0.311627906976744,-0.148815741964107,0.36701537699535,0.692096048025456,-0.6685750088414,0.738287290801877,-1.31671850353485,-0.749107275833333,0.323333333333333,0.386046511627907
"10",1984,702.222222222222,3,3,"one_YO_summer","M",1,54,"03","one_YO_summer ; 3 ; M ; COWL",0.432627287177207,0.0145771380128532,1.7723114661469,0.218523021593632,2.74791406208103,-1.14006743800425,-0.09206469425,0.0766666666666667,0.213953488372093,-0.502123428602313,0.0485007154530492,0.0418599940321392,-0.653919964318058,-1.21529411235395,-1.10284432827766,-0.686691380833333,1.87333333333333,0.669767441860465,0.70907991206711,0.22893625559478,1.3011536773918,-0.407202900490464,2.10739556924305,-1.20209254139138,-0.221840562241667,-0.276666666666667,0.311627906976744,-0.148815741964107,0.36701537699535,0.692096048025456,-0.6685750088414,0.738287290801877,-1.31671850353485,-0.749107275833333,0.323333333333333,0.386046511627907
"11",1984,950,4,3,"one_YO_summer","M",1,46,"96","one_YO_summer ; 3 ; M ; COWL",0.432627287177207,0.0145771380128532,1.7723114661469,0.218523021593632,2.74791406208103,-1.14006743800425,-0.09206469425,0.0766666666666667,0.213953488372093,-0.502123428602313,0.0485007154530492,0.0418599940321392,-0.653919964318058,-1.21529411235395,-1.10284432827766,-0.686691380833333,1.87333333333333,0.669767441860465,0.70907991206711,0.22893625559478,1.3011536773918,-0.407202900490464,2.10739556924305,-1.20209254139138,-0.221840562241667,-0.276666666666667,0.311627906976744,-0.148815741964107,0.36701537699535,0.692096048025456,-0.6685750088414,0.738287290801877,-1.31671850353485,-0.749107275833333,0.323333333333333,0.386046511627907
"12",1985,609,3,3,"one_YO_summer","M",1,21,"13","one_YO_summer ; 3 ; M ; COWL",0.499303580290418,0.432952148338844,1.03109982286144,-0.668591141143911,0.742290531382114,-1.1592217304735,0.620750036666667,-0.19,0.186046511627907,0.432627287177207,0.0145771380128532,1.7723114661469,0.218523021593632,2.74791406208103,-1.14006743800425,-0.09206469425,0.0766666666666667,0.213953488372093,-0.502123428602313,0.0485007154530492,0.0418599940321392,-0.653919964318058,-1.21529411235395,-1.10284432827766,-0.686691380833333,1.87333333333333,0.669767441860465,0.70907991206711,0.22893625559478,1.3011536773918,-0.407202900490464,2.10739556924305,-1.20209254139138,-0.221840562241667,-0.276666666666667,0.311627906976744
"13",1985,630.909090909091,3,3,"one_YO_summer","M",1,50,"01","one_YO_summer ; 3 ; M ; COWL",0.499303580290418,0.432952148338844,1.03109982286144,-0.668591141143911,0.742290531382114,-1.1592217304735,0.620750036666667,-0.19,0.186046511627907,0.432627287177207,0.0145771380128532,1.7723114661469,0.218523021593632,2.74791406208103,-1.14006743800425,-0.09206469425,0.0766666666666667,0.213953488372093,-0.502123428602313,0.0485007154530492,0.0418599940321392,-0.653919964318058,-1.21529411235395,-1.10284432827766,-0.686691380833333,1.87333333333333,0.669767441860465,0.70907991206711,0.22893625559478,1.3011536773918,-0.407202900490464,2.10739556924305,-1.20209254139138,-0.221840562241667,-0.276666666666667,0.311627906976744
"14",1985,868.620689655172,4,3,"one_YO_summer","M",1,50,"01","one_YO_summer ; 3 ; M ; COWL",0.499303580290418,0.432952148338844,1.03109982286144,-0.668591141143911,0.742290531382114,-1.1592217304735,0.620750036666667,-0.19,0.186046511627907,0.432627287177207,0.0145771380128532,1.7723114661469,0.218523021593632,2.74791406208103,-1.14006743800425,-0.09206469425,0.0766666666666667,0.213953488372093,-0.502123428602313,0.0485007154530492,0.0418599940321392,-0.653919964318058,-1.21529411235395,-1.10284432827766,-0.686691380833333,1.87333333333333,0.669767441860465,0.70907991206711,0.22893625559478,1.3011536773918,-0.407202900490464,2.10739556924305,-1.20209254139138,-0.221840562241667,-0.276666666666667,0.311627906976744
"15",1985,873.333333333333,4,3,"one_YO_summer","M",1,54,"03","one_YO_summer ; 3 ; M ; COWL",0.499303580290418,0.432952148338844,1.03109982286144,-0.668591141143911,0.742290531382114,-1.1592217304735,0.620750036666667,-0.19,0.186046511627907,0.432627287177207,0.0145771380128532,1.7723114661469,0.218523021593632,2.74791406208103,-1.14006743800425,-0.09206469425,0.0766666666666667,0.213953488372093,-0.502123428602313,0.0485007154530492,0.0418599940321392,-0.653919964318058,-1.21529411235395,-1.10284432827766,-0.686691380833333,1.87333333333333,0.669767441860465,0.70907991206711,0.22893625559478,1.3011536773918,-0.407202900490464,2.10739556924305,-1.20209254139138,-0.221840562241667,-0.276666666666667,0.311627906976744
"16",1986,794.210526315789,4,3,"one_YO_summer","M",1,50,"01","one_YO_summer ; 3 ; M ; COWL",-0.0884125971060417,0.0289481346634613,0.368414477701831,0.873222558986341,-0.586785341256687,-0.789755296085584,-0.393901047083333,-0.276666666666667,0.730232558139535,0.499303580290418,0.432952148338844,1.03109982286144,-0.668591141143911,0.742290531382114,-1.1592217304735,0.620750036666667,-0.19,0.186046511627907,0.432627287177207,0.0145771380128532,1.7723114661469,0.218523021593632,2.74791406208103,-1.14006743800425,-0.09206469425,0.0766666666666667,0.213953488372093,-0.502123428602313,0.0485007154530492,0.0418599940321392,-0.653919964318058,-1.21529411235395,-1.10284432827766,-0.686691380833333,1.87333333333333,0.669767441860465
"17",1986,644.324324324324,3,3,"one_YO_summer","M",1,50,"01","one_YO_summer ; 3 ; M ; COWL",-0.0884125971060417,0.0289481346634613,0.368414477701831,0.873222558986341,-0.586785341256687,-0.789755296085584,-0.393901047083333,-0.276666666666667,0.730232558139535,0.499303580290418,0.432952148338844,1.03109982286144,-0.668591141143911,0.742290531382114,-1.1592217304735,0.620750036666667,-0.19,0.186046511627907,0.432627287177207,0.0145771380128532,1.7723114661469,0.218523021593632,2.74791406208103,-1.14006743800425,-0.09206469425,0.0766666666666667,0.213953488372093,-0.502123428602313,0.0485007154530492,0.0418599940321392,-0.653919964318058,-1.21529411235395,-1.10284432827766,-0.686691380833333,1.87333333333333,0.669767441860465
"18",1986,670,3,3,"one_YO_summer","M",1,54,"03","one_YO_summer ; 3 ; M ; COWL",-0.0884125971060417,0.0289481346634613,0.368414477701831,0.873222558986341,-0.586785341256687,-0.789755296085584,-0.393901047083333,-0.276666666666667,0.730232558139535,0.499303580290418,0.432952148338844,1.03109982286144,-0.668591141143911,0.742290531382114,-1.1592217304735,0.620750036666667,-0.19,0.186046511627907,0.432627287177207,0.0145771380128532,1.7723114661469,0.218523021593632,2.74791406208103,-1.14006743800425,-0.09206469425,0.0766666666666667,0.213953488372093,-0.502123428602313,0.0485007154530492,0.0418599940321392,-0.653919964318058,-1.21529411235395,-1.10284432827766,-0.686691380833333,1.87333333333333,0.669767441860465
"19",1987,657.272727272727,3,3,"one_YO_summer","M",1,50,"01","one_YO_summer ; 3 ; M ; COWL",0.34447407043283,0.246118316842222,1.49555414714238,-0.667578263007724,2.15143121562566,-1.03113010375293,-0.732847288333333,0.973333333333333,0.232558139534884,-0.0884125971060417,0.0289481346634613,0.368414477701831,0.873222558986341,-0.586785341256687,-0.789755296085584,-0.393901047083333,-0.276666666666667,0.730232558139535,0.499303580290418,0.432952148338844,1.03109982286144,-0.668591141143911,0.742290531382114,-1.1592217304735,0.620750036666667,-0.19,0.186046511627907,0.432627287177207,0.0145771380128532,1.7723114661469,0.218523021593632,2.74791406208103,-1.14006743800425,-0.09206469425,0.0766666666666667,0.213953488372093
"20",1987,690,3,3,"one_YO_summer","M",1,54,"03","one_YO_summer ; 3 ; M ; COWL",0.34447407043283,0.246118316842222,1.49555414714238,-0.667578263007724,2.15143121562566,-1.03113010375293,-0.732847288333333,0.973333333333333,0.232558139534884,-0.0884125971060417,0.0289481346634613,0.368414477701831,0.873222558986341,-0.586785341256687,-0.789755296085584,-0.393901047083333,-0.276666666666667,0.730232558139535,0.499303580290418,0.432952148338844,1.03109982286144,-0.668591141143911,0.742290531382114,-1.1592217304735,0.620750036666667,-0.19,0.186046511627907,0.432627287177207,0.0145771380128532,1.7723114661469,0.218523021593632,2.74791406208103,-1.14006743800425,-0.09206469425,0.0766666666666667,0.213953488372093
"21",1987,840,4,3,"one_YO_summer","M",1,50,"01","one_YO_summer ; 3 ; M ; COWL",0.34447407043283,0.246118316842222,1.49555414714238,-0.667578263007724,2.15143121562566,-1.03113010375293,-0.732847288333333,0.973333333333333,0.232558139534884,-0.0884125971060417,0.0289481346634613,0.368414477701831,0.873222558986341,-0.586785341256687,-0.789755296085584,-0.393901047083333,-0.276666666666667,0.730232558139535,0.499303580290418,0.432952148338844,1.03109982286144,-0.668591141143911,0.742290531382114,-1.1592217304735,0.620750036666667,-0.19,0.186046511627907,0.432627287177207,0.0145771380128532,1.7723114661469,0.218523021593632,2.74791406208103,-1.14006743800425,-0.09206469425,0.0766666666666667,0.213953488372093
"22",1988,890,4,3,"one_YO_summer","M",1,54,"03","one_YO_summer ; 3 ; M ; COWL",-0.18100158429132,0.45855084274007,1.64398800335588,0.521321730483858,1.51891920394816,-0.471887750394094,0.429174729166667,1.54333333333333,0.33953488372093,0.34447407043283,0.246118316842222,1.49555414714238,-0.667578263007724,2.15143121562566,-1.03113010375293,-0.732847288333333,0.973333333333333,0.232558139534884,-0.0884125971060417,0.0289481346634613,0.368414477701831,0.873222558986341,-0.586785341256687,-0.789755296085584,-0.393901047083333,-0.276666666666667,0.730232558139535,0.499303580290418,0.432952148338844,1.03109982286144,-0.668591141143911,0.742290531382114,-1.1592217304735,0.620750036666667,-0.19,0.186046511627907
"23",1988,705.454545454545,3,3,"one_YO_summer","M",1,50,"01","one_YO_summer ; 3 ; M ; COWL",-0.18100158429132,0.45855084274007,1.64398800335588,0.521321730483858,1.51891920394816,-0.471887750394094,0.429174729166667,1.54333333333333,0.33953488372093,0.34447407043283,0.246118316842222,1.49555414714238,-0.667578263007724,2.15143121562566,-1.03113010375293,-0.732847288333333,0.973333333333333,0.232558139534884,-0.0884125971060417,0.0289481346634613,0.368414477701831,0.873222558986341,-0.586785341256687,-0.789755296085584,-0.393901047083333,-0.276666666666667,0.730232558139535,0.499303580290418,0.432952148338844,1.03109982286144,-0.668591141143911,0.742290531382114,-1.1592217304735,0.620750036666667,-0.19,0.186046511627907
"24",1988,873.846153846154,4,3,"one_YO_summer","M",1,50,"01","one_YO_summer ; 3 ; M ; COWL",-0.18100158429132,0.45855084274007,1.64398800335588,0.521321730483858,1.51891920394816,-0.471887750394094,0.429174729166667,1.54333333333333,0.33953488372093,0.34447407043283,0.246118316842222,1.49555414714238,-0.667578263007724,2.15143121562566,-1.03113010375293,-0.732847288333333,0.973333333333333,0.232558139534884,-0.0884125971060417,0.0289481346634613,0.368414477701831,0.873222558986341,-0.586785341256687,-0.789755296085584,-0.393901047083333,-0.276666666666667,0.730232558139535,0.499303580290418,0.432952148338844,1.03109982286144,-0.668591141143911,0.742290531382114,-1.1592217304735,0.620750036666667,-0.19,0.186046511627907
"25",1988,725,3,3,"one_YO_summer","M",1,54,"03","one_YO_summer ; 3 ; M ; COWL",-0.18100158429132,0.45855084274007,1.64398800335588,0.521321730483858,1.51891920394816,-0.471887750394094,0.429174729166667,1.54333333333333,0.33953488372093,0.34447407043283,0.246118316842222,1.49555414714238,-0.667578263007724,2.15143121562566,-1.03113010375293,-0.732847288333333,0.973333333333333,0.232558139534884,-0.0884125971060417,0.0289481346634613,0.368414477701831,0.873222558986341,-0.586785341256687,-0.789755296085584,-0.393901047083333,-0.276666666666667,0.730232558139535,0.499303580290418,0.432952148338844,1.03109982286144,-0.668591141143911,0.742290531382114,-1.1592217304735,0.620750036666667,-0.19,0.186046511627907
"26",1989,870,4,3,"one_YO_summer","M",1,54,"03","one_YO_summer ; 3 ; M ; COWL",-0.0920488251148964,0.0132102283938178,0.293718730704072,-0.667484926114629,0.554138224110959,-0.826084487748374,1.32363676333333,-1.77666666666667,0.325581395348837,-0.18100158429132,0.45855084274007,1.64398800335588,0.521321730483858,1.51891920394816,-0.471887750394094,0.429174729166667,1.54333333333333,0.33953488372093,0.34447407043283,0.246118316842222,1.49555414714238,-0.667578263007724,2.15143121562566,-1.03113010375293,-0.732847288333333,0.973333333333333,0.232558139534884,-0.0884125971060417,0.0289481346634613,0.368414477701831,0.873222558986341,-0.586785341256687,-0.789755296085584,-0.393901047083333,-0.276666666666667,0.730232558139535
"27",1989,620,3,3,"one_YO_summer","M",1,54,"03","one_YO_summer ; 3 ; M ; COWL",-0.0920488251148964,0.0132102283938178,0.293718730704072,-0.667484926114629,0.554138224110959,-0.826084487748374,1.32363676333333,-1.77666666666667,0.325581395348837,-0.18100158429132,0.45855084274007,1.64398800335588,0.521321730483858,1.51891920394816,-0.471887750394094,0.429174729166667,1.54333333333333,0.33953488372093,0.34447407043283,0.246118316842222,1.49555414714238,-0.667578263007724,2.15143121562566,-1.03113010375293,-0.732847288333333,0.973333333333333,0.232558139534884,-0.0884125971060417,0.0289481346634613,0.368414477701831,0.873222558986341,-0.586785341256687,-0.789755296085584,-0.393901047083333,-0.276666666666667,0.730232558139535
"28",1989,777.5,4,3,"one_YO_summer","M",1,50,"01","one_YO_summer ; 3 ; M ; COWL",-0.0920488251148964,0.0132102283938178,0.293718730704072,-0.667484926114629,0.554138224110959,-0.826084487748374,1.32363676333333,-1.77666666666667,0.325581395348837,-0.18100158429132,0.45855084274007,1.64398800335588,0.521321730483858,1.51891920394816,-0.471887750394094,0.429174729166667,1.54333333333333,0.33953488372093,0.34447407043283,0.246118316842222,1.49555414714238,-0.667578263007724,2.15143121562566,-1.03113010375293,-0.732847288333333,0.973333333333333,0.232558139534884,-0.0884125971060417,0.0289481346634613,0.368414477701831,0.873222558986341,-0.586785341256687,-0.789755296085584,-0.393901047083333,-0.276666666666667,0.730232558139535
"29",1989,667.5,3,3,"one_YO_summer","M",1,50,"01","one_YO_summer ; 3 ; M ; COWL",-0.0920488251148964,0.0132102283938178,0.293718730704072,-0.667484926114629,0.554138224110959,-0.826084487748374,1.32363676333333,-1.77666666666667,0.325581395348837,-0.18100158429132,0.45855084274007,1.64398800335588,0.521321730483858,1.51891920394816,-0.471887750394094,0.429174729166667,1.54333333333333,0.33953488372093,0.34447407043283,0.246118316842222,1.49555414714238,-0.667578263007724,2.15143121562566,-1.03113010375293,-0.732847288333333,0.973333333333333,0.232558139534884,-0.0884125971060417,0.0289481346634613,0.368414477701831,0.873222558986341,-0.586785341256687,-0.789755296085584,-0.393901047083333,-0.276666666666667,0.730232558139535
"30",1990,650,3,3,"one_YO_summer","M",1,54,"03","one_YO_summer ; 3 ; M ; COWL",0.536806230637925,-0.339264697042005,-0.241600789446538,0.297260180917426,-1.00312236160137,-0.0780338198967607,0.612240616666667,-0.82,0.553488372093023,-0.0920488251148964,0.0132102283938178,0.293718730704072,-0.667484926114629,0.554138224110959,-0.826084487748374,1.32363676333333,-1.77666666666667,0.325581395348837,-0.18100158429132,0.45855084274007,1.64398800335588,0.521321730483858,1.51891920394816,-0.471887750394094,0.429174729166667,1.54333333333333,0.33953488372093,0.34447407043283,0.246118316842222,1.49555414714238,-0.667578263007724,2.15143121562566,-1.03113010375293,-0.732847288333333,0.973333333333333,0.232558139534884
"31",1990,956.666666666667,4,3,"one_YO_summer","M",1,54,"03","one_YO_summer ; 3 ; M ; COWL",0.536806230637925,-0.339264697042005,-0.241600789446538,0.297260180917426,-1.00312236160137,-0.0780338198967607,0.612240616666667,-0.82,0.553488372093023,-0.0920488251148964,0.0132102283938178,0.293718730704072,-0.667484926114629,0.554138224110959,-0.826084487748374,1.32363676333333,-1.77666666666667,0.325581395348837,-0.18100158429132,0.45855084274007,1.64398800335588,0.521321730483858,1.51891920394816,-0.471887750394094,0.429174729166667,1.54333333333333,0.33953488372093,0.34447407043283,0.246118316842222,1.49555414714238,-0.667578263007724,2.15143121562566,-1.03113010375293,-0.732847288333333,0.973333333333333,0.232558139534884
"32",1990,652,3,3,"one_YO_summer","M",1,50,"01","one_YO_summer ; 3 ; M ; COWL",0.536806230637925,-0.339264697042005,-0.241600789446538,0.297260180917426,-1.00312236160137,-0.0780338198967607,0.612240616666667,-0.82,0.553488372093023,-0.0920488251148964,0.0132102283938178,0.293718730704072,-0.667484926114629,0.554138224110959,-0.826084487748374,1.32363676333333,-1.77666666666667,0.325581395348837,-0.18100158429132,0.45855084274007,1.64398800335588,0.521321730483858,1.51891920394816,-0.471887750394094,0.429174729166667,1.54333333333333,0.33953488372093,0.34447407043283,0.246118316842222,1.49555414714238,-0.667578263007724,2.15143121562566,-1.03113010375293,-0.732847288333333,0.973333333333333,0.232558139534884
"33",1990,817.19298245614,4,3,"one_YO_summer","M",1,50,"01","one_YO_summer ; 3 ; M ; COWL",0.536806230637925,-0.339264697042005,-0.241600789446538,0.297260180917426,-1.00312236160137,-0.0780338198967607,0.612240616666667,-0.82,0.553488372093023,-0.0920488251148964,0.0132102283938178,0.293718730704072,-0.667484926114629,0.554138224110959,-0.826084487748374,1.32363676333333,-1.77666666666667,0.325581395348837,-0.18100158429132,0.45855084274007,1.64398800335588,0.521321730483858,1.51891920394816,-0.471887750394094,0.429174729166667,1.54333333333333,0.33953488372093,0.34447407043283,0.246118316842222,1.49555414714238,-0.667578263007724,2.15143121562566,-1.03113010375293,-0.732847288333333,0.973333333333333,0.232558139534884
"34",1991,680,4,3,"one_YO_summer","M",1,54,"03","one_YO_summer ; 3 ; M ; COWL",0.827616549912811,0.006107248520029,-0.612206611089268,-0.666228911133465,-0.278535816578411,0.434783614806247,-0.201546121083333,0.146666666666667,0.497674418604651,0.536806230637925,-0.339264697042005,-0.241600789446538,0.297260180917426,-1.00312236160137,-0.0780338198967607,0.612240616666667,-0.82,0.553488372093023,-0.0920488251148964,0.0132102283938178,0.293718730704072,-0.667484926114629,0.554138224110959,-0.826084487748374,1.32363676333333,-1.77666666666667,0.325581395348837,-0.18100158429132,0.45855084274007,1.64398800335588,0.521321730483858,1.51891920394816,-0.471887750394094,0.429174729166667,1.54333333333333,0.33953488372093
"35",1991,654.193548387097,3,3,"one_YO_summer","M",1,50,"01","one_YO_summer ; 3 ; M ; COWL",0.827616549912811,0.006107248520029,-0.612206611089268,-0.666228911133465,-0.278535816578411,0.434783614806247,-0.201546121083333,0.146666666666667,0.497674418604651,0.536806230637925,-0.339264697042005,-0.241600789446538,0.297260180917426,-1.00312236160137,-0.0780338198967607,0.612240616666667,-0.82,0.553488372093023,-0.0920488251148964,0.0132102283938178,0.293718730704072,-0.667484926114629,0.554138224110959,-0.826084487748374,1.32363676333333,-1.77666666666667,0.325581395348837,-0.18100158429132,0.45855084274007,1.64398800335588,0.521321730483858,1.51891920394816,-0.471887750394094,0.429174729166667,1.54333333333333,0.33953488372093
"36",1991,798.888888888889,4,3,"one_YO_summer","M",1,50,"01","one_YO_summer ; 3 ; M ; COWL",0.827616549912811,0.006107248520029,-0.612206611089268,-0.666228911133465,-0.278535816578411,0.434783614806247,-0.201546121083333,0.146666666666667,0.497674418604651,0.536806230637925,-0.339264697042005,-0.241600789446538,0.297260180917426,-1.00312236160137,-0.0780338198967607,0.612240616666667,-0.82,0.553488372093023,-0.0920488251148964,0.0132102283938178,0.293718730704072,-0.667484926114629,0.554138224110959,-0.826084487748374,1.32363676333333,-1.77666666666667,0.325581395348837,-0.18100158429132,0.45855084274007,1.64398800335588,0.521321730483858,1.51891920394816,-0.471887750394094,0.429174729166667,1.54333333333333,0.33953488372093
"37",1992,707.948717948718,3,3,"one_YO_summer","M",1,50,"01","one_YO_summer ; 3 ; M ; COWL",-0.209636295757308,0.045696271425006,-0.672537791356689,0.239958242400616,0.24989194001292,0.281871549880582,-0.498914711166667,0.64,0.506976744186047,0.827616549912811,0.006107248520029,-0.612206611089268,-0.666228911133465,-0.278535816578411,0.434783614806247,-0.201546121083333,0.146666666666667,0.497674418604651,0.536806230637925,-0.339264697042005,-0.241600789446538,0.297260180917426,-1.00312236160137,-0.0780338198967607,0.612240616666667,-0.82,0.553488372093023,-0.0920488251148964,0.0132102283938178,0.293718730704072,-0.667484926114629,0.554138224110959,-0.826084487748374,1.32363676333333,-1.77666666666667,0.325581395348837
"38",1992,990,4,3,"one_YO_summer","M",1,54,"03","one_YO_summer ; 3 ; M ; COWL",-0.209636295757308,0.045696271425006,-0.672537791356689,0.239958242400616,0.24989194001292,0.281871549880582,-0.498914711166667,0.64,0.506976744186047,0.827616549912811,0.006107248520029,-0.612206611089268,-0.666228911133465,-0.278535816578411,0.434783614806247,-0.201546121083333,0.146666666666667,0.497674418604651,0.536806230637925,-0.339264697042005,-0.241600789446538,0.297260180917426,-1.00312236160137,-0.0780338198967607,0.612240616666667,-0.82,0.553488372093023,-0.0920488251148964,0.0132102283938178,0.293718730704072,-0.667484926114629,0.554138224110959,-0.826084487748374,1.32363676333333,-1.77666666666667,0.325581395348837
"39",1992,838.8,4,3,"one_YO_summer","M",1,50,"01","one_YO_summer ; 3 ; M ; COWL",-0.209636295757308,0.045696271425006,-0.672537791356689,0.239958242400616,0.24989194001292,0.281871549880582,-0.498914711166667,0.64,0.506976744186047,0.827616549912811,0.006107248520029,-0.612206611089268,-0.666228911133465,-0.278535816578411,0.434783614806247,-0.201546121083333,0.146666666666667,0.497674418604651,0.536806230637925,-0.339264697042005,-0.241600789446538,0.297260180917426,-1.00312236160137,-0.0780338198967607,0.612240616666667,-0.82,0.553488372093023,-0.0920488251148964,0.0132102283938178,0.293718730704072,-0.667484926114629,0.554138224110959,-0.826084487748374,1.32363676333333,-1.77666666666667,0.325581395348837
"40",1993,590,3,3,"one_YO_summer","M",1,54,"03","one_YO_summer ; 3 ; M ; COWL",1.20754678551625,0.0374408823320235,1.21113572588168,-0.665611274408782,0.926439598073033,-0.820527770467191,-1.09491887,0.446666666666667,0.334883720930233,-0.209636295757308,0.045696271425006,-0.672537791356689,0.239958242400616,0.24989194001292,0.281871549880582,-0.498914711166667,0.64,0.506976744186047,0.827616549912811,0.006107248520029,-0.612206611089268,-0.666228911133465,-0.278535816578411,0.434783614806247,-0.201546121083333,0.146666666666667,0.497674418604651,0.536806230637925,-0.339264697042005,-0.241600789446538,0.297260180917426,-1.00312236160137,-0.0780338198967607,0.612240616666667,-0.82,0.553488372093023
"41",1993,834.594594594595,4,3,"one_YO_summer","M",1,50,"01","one_YO_summer ; 3 ; M ; COWL",1.20754678551625,0.0374408823320235,1.21113572588168,-0.665611274408782,0.926439598073033,-0.820527770467191,-1.09491887,0.446666666666667,0.334883720930233,-0.209636295757308,0.045696271425006,-0.672537791356689,0.239958242400616,0.24989194001292,0.281871549880582,-0.498914711166667,0.64,0.506976744186047,0.827616549912811,0.006107248520029,-0.612206611089268,-0.666228911133465,-0.278535816578411,0.434783614806247,-0.201546121083333,0.146666666666667,0.497674418604651,0.536806230637925,-0.339264697042005,-0.241600789446538,0.297260180917426,-1.00312236160137,-0.0780338198967607,0.612240616666667,-0.82,0.553488372093023
"42",1993,694.495412844037,3,3,"one_YO_summer","M",1,50,"01","one_YO_summer ; 3 ; M ; COWL",1.20754678551625,0.0374408823320235,1.21113572588168,-0.665611274408782,0.926439598073033,-0.820527770467191,-1.09491887,0.446666666666667,0.334883720930233,-0.209636295757308,0.045696271425006,-0.672537791356689,0.239958242400616,0.24989194001292,0.281871549880582,-0.498914711166667,0.64,0.506976744186047,0.827616549912811,0.006107248520029,-0.612206611089268,-0.666228911133465,-0.278535816578411,0.434783614806247,-0.201546121083333,0.146666666666667,0.497674418604651,0.536806230637925,-0.339264697042005,-0.241600789446538,0.297260180917426,-1.00312236160137,-0.0780338198967607,0.612240616666667,-0.82,0.553488372093023
"43",1994,628,3,3,"one_YO_summer","M",1,50,"01","one_YO_summer ; 3 ; M ; COWL",1.07656847230094,0.0666150848755891,1.53673257176935,0.299038191115532,-0.306558500640073,-0.554279255648899,-1.90199258833333,0.723333333333333,0.102325581395349,1.20754678551625,0.0374408823320235,1.21113572588168,-0.665611274408782,0.926439598073033,-0.820527770467191,-1.09491887,0.446666666666667,0.334883720930233,-0.209636295757308,0.045696271425006,-0.672537791356689,0.239958242400616,0.24989194001292,0.281871549880582,-0.498914711166667,0.64,0.506976744186047,0.827616549912811,0.006107248520029,-0.612206611089268,-0.666228911133465,-0.278535816578411,0.434783614806247,-0.201546121083333,0.146666666666667,0.497674418604651
"44",1994,951,4,3,"one_YO_summer","M",1,50,"21","one_YO_summer ; 3 ; M ; COWL",1.07656847230094,0.0666150848755891,1.53673257176935,0.299038191115532,-0.306558500640073,-0.554279255648899,-1.90199258833333,0.723333333333333,0.102325581395349,1.20754678551625,0.0374408823320235,1.21113572588168,-0.665611274408782,0.926439598073033,-0.820527770467191,-1.09491887,0.446666666666667,0.334883720930233,-0.209636295757308,0.045696271425006,-0.672537791356689,0.239958242400616,0.24989194001292,0.281871549880582,-0.498914711166667,0.64,0.506976744186047,0.827616549912811,0.006107248520029,-0.612206611089268,-0.666228911133465,-0.278535816578411,0.434783614806247,-0.201546121083333,0.146666666666667,0.497674418604651
"45",1994,933.333333333333,4,3,"one_YO_summer","M",1,50,"01","one_YO_summer ; 3 ; M ; COWL",1.07656847230094,0.0666150848755891,1.53673257176935,0.299038191115532,-0.306558500640073,-0.554279255648899,-1.90199258833333,0.723333333333333,0.102325581395349,1.20754678551625,0.0374408823320235,1.21113572588168,-0.665611274408782,0.926439598073033,-0.820527770467191,-1.09491887,0.446666666666667,0.334883720930233,-0.209636295757308,0.045696271425006,-0.672537791356689,0.239958242400616,0.24989194001292,0.281871549880582,-0.498914711166667,0.64,0.506976744186047,0.827616549912811,0.006107248520029,-0.612206611089268,-0.666228911133465,-0.278535816578411,0.434783614806247,-0.201546121083333,0.146666666666667,0.497674418604651
"46",1995,815,3,3,"one_YO_summer","M",1,54,"03","one_YO_summer ; 3 ; M ; COWL",0.765179539826205,0.375463275251717,-0.229151498280245,-0.666859223238691,-0.182458042652715,0.399636112807948,-1.2115987825,0.926666666666667,0.530232558139535,1.07656847230094,0.0666150848755891,1.53673257176935,0.299038191115532,-0.306558500640073,-0.554279255648899,-1.90199258833333,0.723333333333333,0.102325581395349,1.20754678551625,0.0374408823320235,1.21113572588168,-0.665611274408782,0.926439598073033,-0.820527770467191,-1.09491887,0.446666666666667,0.334883720930233,-0.209636295757308,0.045696271425006,-0.672537791356689,0.239958242400616,0.24989194001292,0.281871549880582,-0.498914711166667,0.64,0.506976744186047
"47",1995,688,3,3,"one_YO_summer","M",1,50,"01","one_YO_summer ; 3 ; M ; COWL",0.765179539826205,0.375463275251717,-0.229151498280245,-0.666859223238691,-0.182458042652715,0.399636112807948,-1.2115987825,0.926666666666667,0.530232558139535,1.07656847230094,0.0666150848755891,1.53673257176935,0.299038191115532,-0.306558500640073,-0.554279255648899,-1.90199258833333,0.723333333333333,0.102325581395349,1.20754678551625,0.0374408823320235,1.21113572588168,-0.665611274408782,0.926439598073033,-0.820527770467191,-1.09491887,0.446666666666667,0.334883720930233,-0.209636295757308,0.045696271425006,-0.672537791356689,0.239958242400616,0.24989194001292,0.281871549880582,-0.498914711166667,0.64,0.506976744186047
"48",1995,962,4,3,"one_YO_summer","M",1,54,"03","one_YO_summer ; 3 ; M ; COWL",0.765179539826205,0.375463275251717,-0.229151498280245,-0.666859223238691,-0.182458042652715,0.399636112807948,-1.2115987825,0.926666666666667,0.530232558139535,1.07656847230094,0.0666150848755891,1.53673257176935,0.299038191115532,-0.306558500640073,-0.554279255648899,-1.90199258833333,0.723333333333333,0.102325581395349,1.20754678551625,0.0374408823320235,1.21113572588168,-0.665611274408782,0.926439598073033,-0.820527770467191,-1.09491887,0.446666666666667,0.334883720930233,-0.209636295757308,0.045696271425006,-0.672537791356689,0.239958242400616,0.24989194001292,0.281871549880582,-0.498914711166667,0.64,0.506976744186047
"49",1995,833.571428571429,4,3,"one_YO_summer","M",1,50,"01","one_YO_summer ; 3 ; M ; COWL",0.765179539826205,0.375463275251717,-0.229151498280245,-0.666859223238691,-0.182458042652715,0.399636112807948,-1.2115987825,0.926666666666667,0.530232558139535,1.07656847230094,0.0666150848755891,1.53673257176935,0.299038191115532,-0.306558500640073,-0.554279255648899,-1.90199258833333,0.723333333333333,0.102325581395349,1.20754678551625,0.0374408823320235,1.21113572588168,-0.665611274408782,0.926439598073033,-0.820527770467191,-1.09491887,0.446666666666667,0.334883720930233,-0.209636295757308,0.045696271425006,-0.672537791356689,0.239958242400616,0.24989194001292,0.281871549880582,-0.498914711166667,0.64,0.506976744186047
"50",1996,703.181818181818,3,3,"one_YO_summer","M",1,50,"01","one_YO_summer ; 3 ; M ; COWL",0.474656489015602,-0.280814344238961,0.842445179802998,0.995288778238326,0.706261366159978,-0.339041835844573,-1.03920854583333,-0.586666666666667,0.437209302325581,0.765179539826205,0.375463275251717,-0.229151498280245,-0.666859223238691,-0.182458042652715,0.399636112807948,-1.2115987825,0.926666666666667,0.530232558139535,1.07656847230094,0.0666150848755891,1.53673257176935,0.299038191115532,-0.306558500640073,-0.554279255648899,-1.90199258833333,0.723333333333333,0.102325581395349,1.20754678551625,0.0374408823320235,1.21113572588168,-0.665611274408782,0.926439598073033,-0.820527770467191,-1.09491887,0.446666666666667,0.334883720930233
"51",1996,868.75,4,3,"one_YO_summer","M",1,50,"01","one_YO_summer ; 3 ; M ; COWL",0.474656489015602,-0.280814344238961,0.842445179802998,0.995288778238326,0.706261366159978,-0.339041835844573,-1.03920854583333,-0.586666666666667,0.437209302325581,0.765179539826205,0.375463275251717,-0.229151498280245,-0.666859223238691,-0.182458042652715,0.399636112807948,-1.2115987825,0.926666666666667,0.530232558139535,1.07656847230094,0.0666150848755891,1.53673257176935,0.299038191115532,-0.306558500640073,-0.554279255648899,-1.90199258833333,0.723333333333333,0.102325581395349,1.20754678551625,0.0374408823320235,1.21113572588168,-0.665611274408782,0.926439598073033,-0.820527770467191,-1.09491887,0.446666666666667,0.334883720930233
"52",1996,760,3,3,"one_YO_summer","M",1,54,"03","one_YO_summer ; 3 ; M ; COWL",0.474656489015602,-0.280814344238961,0.842445179802998,0.995288778238326,0.706261366159978,-0.339041835844573,-1.03920854583333,-0.586666666666667,0.437209302325581,0.765179539826205,0.375463275251717,-0.229151498280245,-0.666859223238691,-0.182458042652715,0.399636112807948,-1.2115987825,0.926666666666667,0.530232558139535,1.07656847230094,0.0666150848755891,1.53673257176935,0.299038191115532,-0.306558500640073,-0.554279255648899,-1.90199258833333,0.723333333333333,0.102325581395349,1.20754678551625,0.0374408823320235,1.21113572588168,-0.665611274408782,0.926439598073033,-0.820527770467191,-1.09491887,0.446666666666667,0.334883720930233
"53",1996,900,4,3,"one_YO_summer","M",1,54,"03","one_YO_summer ; 3 ; M ; COWL",0.474656489015602,-0.280814344238961,0.842445179802998,0.995288778238326,0.706261366159978,-0.339041835844573,-1.03920854583333,-0.586666666666667,0.437209302325581,0.765179539826205,0.375463275251717,-0.229151498280245,-0.666859223238691,-0.182458042652715,0.399636112807948,-1.2115987825,0.926666666666667,0.530232558139535,1.07656847230094,0.0666150848755891,1.53673257176935,0.299038191115532,-0.306558500640073,-0.554279255648899,-1.90199258833333,0.723333333333333,0.102325581395349,1.20754678551625,0.0374408823320235,1.21113572588168,-0.665611274408782,0.926439598073033,-0.820527770467191,-1.09491887,0.446666666666667,0.334883720930233
"54",1997,692.941176470588,3,3,"one_YO_summer","M",1,50,"01","one_YO_summer ; 3 ; M ; COWL",0.786592786827044,0.50961041984887,1.12303304993561,-0.66444629170607,0.414024803802651,-0.180107443592481,-0.972836611666667,-0.54,0.27906976744186,0.474656489015602,-0.280814344238961,0.842445179802998,0.995288778238326,0.706261366159978,-0.339041835844573,-1.03920854583333,-0.586666666666667,0.437209302325581,0.765179539826205,0.375463275251717,-0.229151498280245,-0.666859223238691,-0.182458042652715,0.399636112807948,-1.2115987825,0.926666666666667,0.530232558139535,1.07656847230094,0.0666150848755891,1.53673257176935,0.299038191115532,-0.306558500640073,-0.554279255648899,-1.90199258833333,0.723333333333333,0.102325581395349
"55",1997,843.333333333333,4,3,"one_YO_summer","M",1,54,"03","one_YO_summer ; 3 ; M ; COWL",0.786592786827044,0.50961041984887,1.12303304993561,-0.66444629170607,0.414024803802651,-0.180107443592481,-0.972836611666667,-0.54,0.27906976744186,0.474656489015602,-0.280814344238961,0.842445179802998,0.995288778238326,0.706261366159978,-0.339041835844573,-1.03920854583333,-0.586666666666667,0.437209302325581,0.765179539826205,0.375463275251717,-0.229151498280245,-0.666859223238691,-0.182458042652715,0.399636112807948,-1.2115987825,0.926666666666667,0.530232558139535,1.07656847230094,0.0666150848755891,1.53673257176935,0.299038191115532,-0.306558500640073,-0.554279255648899,-1.90199258833333,0.723333333333333,0.102325581395349
"56",1997,844.324324324324,4,3,"one_YO_summer","M",1,50,"01","one_YO_summer ; 3 ; M ; COWL",0.786592786827044,0.50961041984887,1.12303304993561,-0.66444629170607,0.414024803802651,-0.180107443592481,-0.972836611666667,-0.54,0.27906976744186,0.474656489015602,-0.280814344238961,0.842445179802998,0.995288778238326,0.706261366159978,-0.339041835844573,-1.03920854583333,-0.586666666666667,0.437209302325581,0.765179539826205,0.375463275251717,-0.229151498280245,-0.666859223238691,-0.182458042652715,0.399636112807948,-1.2115987825,0.926666666666667,0.530232558139535,1.07656847230094,0.0666150848755891,1.53673257176935,0.299038191115532,-0.306558500640073,-0.554279255648899,-1.90199258833333,0.723333333333333,0.102325581395349
"57",1997,815,3,3,"one_YO_summer","M",1,54,"03","one_YO_summer ; 3 ; M ; COWL",0.786592786827044,0.50961041984887,1.12303304993561,-0.66444629170607,0.414024803802651,-0.180107443592481,-0.972836611666667,-0.54,0.27906976744186,0.474656489015602,-0.280814344238961,0.842445179802998,0.995288778238326,0.706261366159978,-0.339041835844573,-1.03920854583333,-0.586666666666667,0.437209302325581,0.765179539826205,0.375463275251717,-0.229151498280245,-0.666859223238691,-0.182458042652715,0.399636112807948,-1.2115987825,0.926666666666667,0.530232558139535,1.07656847230094,0.0666150848755891,1.53673257176935,0.299038191115532,-0.306558500640073,-0.554279255648899,-1.90199258833333,0.723333333333333,0.102325581395349
"58",1998,901.538461538462,4,3,"one_YO_summer","M",1,54,"03","one_YO_summer ; 3 ; M ; COWL",2.23442993734425,0.193926425226803,1.85083776427275,-0.329467096229636,0.265904902333869,0.0403217025677301,-0.657690615833333,2.16,0.372093023255814,0.786592786827044,0.50961041984887,1.12303304993561,-0.66444629170607,0.414024803802651,-0.180107443592481,-0.972836611666667,-0.54,0.27906976744186,0.474656489015602,-0.280814344238961,0.842445179802998,0.995288778238326,0.706261366159978,-0.339041835844573,-1.03920854583333,-0.586666666666667,0.437209302325581,0.765179539826205,0.375463275251717,-0.229151498280245,-0.666859223238691,-0.182458042652715,0.399636112807948,-1.2115987825,0.926666666666667,0.530232558139535
"59",1998,731.917808219178,3,3,"one_YO_summer","M",1,50,"01","one_YO_summer ; 3 ; M ; COWL",2.23442993734425,0.193926425226803,1.85083776427275,-0.329467096229636,0.265904902333869,0.0403217025677301,-0.657690615833333,2.16,0.372093023255814,0.786592786827044,0.50961041984887,1.12303304993561,-0.66444629170607,0.414024803802651,-0.180107443592481,-0.972836611666667,-0.54,0.27906976744186,0.474656489015602,-0.280814344238961,0.842445179802998,0.995288778238326,0.706261366159978,-0.339041835844573,-1.03920854583333,-0.586666666666667,0.437209302325581,0.765179539826205,0.375463275251717,-0.229151498280245,-0.666859223238691,-0.182458042652715,0.399636112807948,-1.2115987825,0.926666666666667,0.530232558139535
"60",1998,880.454545454545,4,3,"one_YO_summer","M",1,50,"01","one_YO_summer ; 3 ; M ; COWL",2.23442993734425,0.193926425226803,1.85083776427275,-0.329467096229636,0.265904902333869,0.0403217025677301,-0.657690615833333,2.16,0.372093023255814,0.786592786827044,0.50961041984887,1.12303304993561,-0.66444629170607,0.414024803802651,-0.180107443592481,-0.972836611666667,-0.54,0.27906976744186,0.474656489015602,-0.280814344238961,0.842445179802998,0.995288778238326,0.706261366159978,-0.339041835844573,-1.03920854583333,-0.586666666666667,0.437209302325581,0.765179539826205,0.375463275251717,-0.229151498280245,-0.666859223238691,-0.182458042652715,0.399636112807948,-1.2115987825,0.926666666666667,0.530232558139535
"61",1998,830,3,3,"one_YO_summer","M",1,46,"96","one_YO_summer ; 3 ; M ; COWL",2.23442993734425,0.193926425226803,1.85083776427275,-0.329467096229636,0.265904902333869,0.0403217025677301,-0.657690615833333,2.16,0.372093023255814,0.786592786827044,0.50961041984887,1.12303304993561,-0.66444629170607,0.414024803802651,-0.180107443592481,-0.972836611666667,-0.54,0.27906976744186,0.474656489015602,-0.280814344238961,0.842445179802998,0.995288778238326,0.706261366159978,-0.339041835844573,-1.03920854583333,-0.586666666666667,0.437209302325581,0.765179539826205,0.375463275251717,-0.229151498280245,-0.666859223238691,-0.182458042652715,0.399636112807948,-1.2115987825,0.926666666666667,0.530232558139535
"62",1998,716,3,3,"one_YO_summer","M",1,54,"03","one_YO_summer ; 3 ; M ; COWL",2.23442993734425,0.193926425226803,1.85083776427275,-0.329467096229636,0.265904902333869,0.0403217025677301,-0.657690615833333,2.16,0.372093023255814,0.786592786827044,0.50961041984887,1.12303304993561,-0.66444629170607,0.414024803802651,-0.180107443592481,-0.972836611666667,-0.54,0.27906976744186,0.474656489015602,-0.280814344238961,0.842445179802998,0.995288778238326,0.706261366159978,-0.339041835844573,-1.03920854583333,-0.586666666666667,0.437209302325581,0.765179539826205,0.375463275251717,-0.229151498280245,-0.666859223238691,-0.182458042652715,0.399636112807948,-1.2115987825,0.926666666666667,0.530232558139535
"63",1999,931.666666666667,4,3,"one_YO_summer","M",1,54,"03","one_YO_summer ; 3 ; M ; COWL",0.317672322607817,0.370556194343786,-0.211914018203839,-0.661745283342906,1.90323029965095,0.204636258351094,0.544553282666667,-1.49,0.404651162790698,2.23442993734425,0.193926425226803,1.85083776427275,-0.329467096229636,0.265904902333869,0.0403217025677301,-0.657690615833333,2.16,0.372093023255814,0.786592786827044,0.50961041984887,1.12303304993561,-0.66444629170607,0.414024803802651,-0.180107443592481,-0.972836611666667,-0.54,0.27906976744186,0.474656489015602,-0.280814344238961,0.842445179802998,0.995288778238326,0.706261366159978,-0.339041835844573,-1.03920854583333,-0.586666666666667,0.437209302325581
"64",1999,854.189189189189,4,3,"one_YO_summer","M",1,50,"01","one_YO_summer ; 3 ; M ; COWL",0.317672322607817,0.370556194343786,-0.211914018203839,-0.661745283342906,1.90323029965095,0.204636258351094,0.544553282666667,-1.49,0.404651162790698,2.23442993734425,0.193926425226803,1.85083776427275,-0.329467096229636,0.265904902333869,0.0403217025677301,-0.657690615833333,2.16,0.372093023255814,0.786592786827044,0.50961041984887,1.12303304993561,-0.66444629170607,0.414024803802651,-0.180107443592481,-0.972836611666667,-0.54,0.27906976744186,0.474656489015602,-0.280814344238961,0.842445179802998,0.995288778238326,0.706261366159978,-0.339041835844573,-1.03920854583333,-0.586666666666667,0.437209302325581
"65",1999,650,3,3,"one_YO_summer","M",1,54,"03","one_YO_summer ; 3 ; M ; COWL",0.317672322607817,0.370556194343786,-0.211914018203839,-0.661745283342906,1.90323029965095,0.204636258351094,0.544553282666667,-1.49,0.404651162790698,2.23442993734425,0.193926425226803,1.85083776427275,-0.329467096229636,0.265904902333869,0.0403217025677301,-0.657690615833333,2.16,0.372093023255814,0.786592786827044,0.50961041984887,1.12303304993561,-0.66444629170607,0.414024803802651,-0.180107443592481,-0.972836611666667,-0.54,0.27906976744186,0.474656489015602,-0.280814344238961,0.842445179802998,0.995288778238326,0.706261366159978,-0.339041835844573,-1.03920854583333,-0.586666666666667,0.437209302325581
"66",1999,701.515151515152,3,3,"one_YO_summer","M",1,50,"01","one_YO_summer ; 3 ; M ; COWL",0.317672322607817,0.370556194343786,-0.211914018203839,-0.661745283342906,1.90323029965095,0.204636258351094,0.544553282666667,-1.49,0.404651162790698,2.23442993734425,0.193926425226803,1.85083776427275,-0.329467096229636,0.265904902333869,0.0403217025677301,-0.657690615833333,2.16,0.372093023255814,0.786592786827044,0.50961041984887,1.12303304993561,-0.66444629170607,0.414024803802651,-0.180107443592481,-0.972836611666667,-0.54,0.27906976744186,0.474656489015602,-0.280814344238961,0.842445179802998,0.995288778238326,0.706261366159978,-0.339041835844573,-1.03920854583333,-0.586666666666667,0.437209302325581
"67",1999,600,3,3,"one_YO_summer","M",1,21,"13","one_YO_summer ; 3 ; M ; COWL",0.317672322607817,0.370556194343786,-0.211914018203839,-0.661745283342906,1.90323029965095,0.204636258351094,0.544553282666667,-1.49,0.404651162790698,2.23442993734425,0.193926425226803,1.85083776427275,-0.329467096229636,0.265904902333869,0.0403217025677301,-0.657690615833333,2.16,0.372093023255814,0.786592786827044,0.50961041984887,1.12303304993561,-0.66444629170607,0.414024803802651,-0.180107443592481,-0.972836611666667,-0.54,0.27906976744186,0.474656489015602,-0.280814344238961,0.842445179802998,0.995288778238326,0.706261366159978,-0.339041835844573,-1.03920854583333,-0.586666666666667,0.437209302325581
"68",2000,696.666666666667,3,3,"one_YO_summer","M",1,50,"01","one_YO_summer ; 3 ; M ; COWL",-1.19561454789176,-0.396300293796364,-1.78052470515679,0.369766814550253,0.121788241445324,0.78409075845619,1.51578051666667,-1.14333333333333,0.404651162790698,0.317672322607817,0.370556194343786,-0.211914018203839,-0.661745283342906,1.90323029965095,0.204636258351094,0.544553282666667,-1.49,0.404651162790698,2.23442993734425,0.193926425226803,1.85083776427275,-0.329467096229636,0.265904902333869,0.0403217025677301,-0.657690615833333,2.16,0.372093023255814,0.786592786827044,0.50961041984887,1.12303304993561,-0.66444629170607,0.414024803802651,-0.180107443592481,-0.972836611666667,-0.54,0.27906976744186
"69",2000,838.333333333333,4,3,"one_YO_summer","M",1,50,"01","one_YO_summer ; 3 ; M ; COWL",-1.19561454789176,-0.396300293796364,-1.78052470515679,0.369766814550253,0.121788241445324,0.78409075845619,1.51578051666667,-1.14333333333333,0.404651162790698,0.317672322607817,0.370556194343786,-0.211914018203839,-0.661745283342906,1.90323029965095,0.204636258351094,0.544553282666667,-1.49,0.404651162790698,2.23442993734425,0.193926425226803,1.85083776427275,-0.329467096229636,0.265904902333869,0.0403217025677301,-0.657690615833333,2.16,0.372093023255814,0.786592786827044,0.50961041984887,1.12303304993561,-0.66444629170607,0.414024803802651,-0.180107443592481,-0.972836611666667,-0.54,0.27906976744186
"70",2000,836.666666666667,4,3,"one_YO_summer","M",1,54,"03","one_YO_summer ; 3 ; M ; COWL",-1.19561454789176,-0.396300293796364,-1.78052470515679,0.369766814550253,0.121788241445324,0.78409075845619,1.51578051666667,-1.14333333333333,0.404651162790698,0.317672322607817,0.370556194343786,-0.211914018203839,-0.661745283342906,1.90323029965095,0.204636258351094,0.544553282666667,-1.49,0.404651162790698,2.23442993734425,0.193926425226803,1.85083776427275,-0.329467096229636,0.265904902333869,0.0403217025677301,-0.657690615833333,2.16,0.372093023255814,0.786592786827044,0.50961041984887,1.12303304993561,-0.66444629170607,0.414024803802651,-0.180107443592481,-0.972836611666667,-0.54,0.27906976744186
"71",2001,731.2,3,3,"one_YO_summer","M",1,50,"01","one_YO_summer ; 3 ; M ; COWL",0.403376416443713,-0.557699114221266,-0.955998574835366,-0.653919964318058,0.17383036898841,0.371047940498072,1.88586129166667,-0.34,0.362790697674419,-1.19561454789176,-0.396300293796364,-1.78052470515679,0.369766814550253,0.121788241445324,0.78409075845619,1.51578051666667,-1.14333333333333,0.404651162790698,0.317672322607817,0.370556194343786,-0.211914018203839,-0.661745283342906,1.90323029965095,0.204636258351094,0.544553282666667,-1.49,0.404651162790698,2.23442993734425,0.193926425226803,1.85083776427275,-0.329467096229636,0.265904902333869,0.0403217025677301,-0.657690615833333,2.16,0.372093023255814
"72",2001,720,3,3,"one_YO_summer","M",1,54,"03","one_YO_summer ; 3 ; M ; COWL",0.403376416443713,-0.557699114221266,-0.955998574835366,-0.653919964318058,0.17383036898841,0.371047940498072,1.88586129166667,-0.34,0.362790697674419,-1.19561454789176,-0.396300293796364,-1.78052470515679,0.369766814550253,0.121788241445324,0.78409075845619,1.51578051666667,-1.14333333333333,0.404651162790698,0.317672322607817,0.370556194343786,-0.211914018203839,-0.661745283342906,1.90323029965095,0.204636258351094,0.544553282666667,-1.49,0.404651162790698,2.23442993734425,0.193926425226803,1.85083776427275,-0.329467096229636,0.265904902333869,0.0403217025677301,-0.657690615833333,2.16,0.372093023255814
"73",2001,821.463414634146,4,3,"one_YO_summer","M",1,50,"01","one_YO_summer ; 3 ; M ; COWL",0.403376416443713,-0.557699114221266,-0.955998574835366,-0.653919964318058,0.17383036898841,0.371047940498072,1.88586129166667,-0.34,0.362790697674419,-1.19561454789176,-0.396300293796364,-1.78052470515679,0.369766814550253,0.121788241445324,0.78409075845619,1.51578051666667,-1.14333333333333,0.404651162790698,0.317672322607817,0.370556194343786,-0.211914018203839,-0.661745283342906,1.90323029965095,0.204636258351094,0.544553282666667,-1.49,0.404651162790698,2.23442993734425,0.193926425226803,1.85083776427275,-0.329467096229636,0.265904902333869,0.0403217025677301,-0.657690615833333,2.16,0.372093023255814
"74",2001,863.75,4,3,"one_YO_summer","M",1,54,"03","one_YO_summer ; 3 ; M ; COWL",0.403376416443713,-0.557699114221266,-0.955998574835366,-0.653919964318058,0.17383036898841,0.371047940498072,1.88586129166667,-0.34,0.362790697674419,-1.19561454789176,-0.396300293796364,-1.78052470515679,0.369766814550253,0.121788241445324,0.78409075845619,1.51578051666667,-1.14333333333333,0.404651162790698,0.317672322607817,0.370556194343786,-0.211914018203839,-0.661745283342906,1.90323029965095,0.204636258351094,0.544553282666667,-1.49,0.404651162790698,2.23442993734425,0.193926425226803,1.85083776427275,-0.329467096229636,0.265904902333869,0.0403217025677301,-0.657690615833333,2.16,0.372093023255814
"75",2002,746,3,3,"one_YO_summer","M",1,54,"03","one_YO_summer ; 3 ; M ; COWL",-0.0536940408630644,-0.056419415035467,-0.965574952655592,2.97542059449711,0.670232200937842,0.665843287987812,2.080693375,0.0833333333333333,0.655813953488372,0.403376416443713,-0.557699114221266,-0.955998574835366,-0.653919964318058,0.17383036898841,0.371047940498072,1.88586129166667,-0.34,0.362790697674419,-1.19561454789176,-0.396300293796364,-1.78052470515679,0.369766814550253,0.121788241445324,0.78409075845619,1.51578051666667,-1.14333333333333,0.404651162790698,0.317672322607817,0.370556194343786,-0.211914018203839,-0.661745283342906,1.90323029965095,0.204636258351094,0.544553282666667,-1.49,0.404651162790698
"76",2002,926.666666666667,4,3,"one_YO_summer","M",1,54,"03","one_YO_summer ; 3 ; M ; COWL",-0.0536940408630644,-0.056419415035467,-0.965574952655592,2.97542059449711,0.670232200937842,0.665843287987812,2.080693375,0.0833333333333333,0.655813953488372,0.403376416443713,-0.557699114221266,-0.955998574835366,-0.653919964318058,0.17383036898841,0.371047940498072,1.88586129166667,-0.34,0.362790697674419,-1.19561454789176,-0.396300293796364,-1.78052470515679,0.369766814550253,0.121788241445324,0.78409075845619,1.51578051666667,-1.14333333333333,0.404651162790698,0.317672322607817,0.370556194343786,-0.211914018203839,-0.661745283342906,1.90323029965095,0.204636258351094,0.544553282666667,-1.49,0.404651162790698
"77",2002,767,3,3,"one_YO_summer","M",1,50,"01","one_YO_summer ; 3 ; M ; COWL",-0.0536940408630644,-0.056419415035467,-0.965574952655592,2.97542059449711,0.670232200937842,0.665843287987812,2.080693375,0.0833333333333333,0.655813953488372,0.403376416443713,-0.557699114221266,-0.955998574835366,-0.653919964318058,0.17383036898841,0.371047940498072,1.88586129166667,-0.34,0.362790697674419,-1.19561454789176,-0.396300293796364,-1.78052470515679,0.369766814550253,0.121788241445324,0.78409075845619,1.51578051666667,-1.14333333333333,0.404651162790698,0.317672322607817,0.370556194343786,-0.211914018203839,-0.661745283342906,1.90323029965095,0.204636258351094,0.544553282666667,-1.49,0.404651162790698
"78",2002,845.625,4,3,"one_YO_summer","M",1,50,"01","one_YO_summer ; 3 ; M ; COWL",-0.0536940408630644,-0.056419415035467,-0.965574952655592,2.97542059449711,0.670232200937842,0.665843287987812,2.080693375,0.0833333333333333,0.655813953488372,0.403376416443713,-0.557699114221266,-0.955998574835366,-0.653919964318058,0.17383036898841,0.371047940498072,1.88586129166667,-0.34,0.362790697674419,-1.19561454789176,-0.396300293796364,-1.78052470515679,0.369766814550253,0.121788241445324,0.78409075845619,1.51578051666667,-1.14333333333333,0.404651162790698,0.317672322607817,0.370556194343786,-0.211914018203839,-0.661745283342906,1.90323029965095,0.204636258351094,0.544553282666667,-1.49,0.404651162790698
"79",2003,735.714285714286,3,3,"one_YO_summer","M",1,50,"01","one_YO_summer ; 3 ; M ; COWL",0.231136122215984,-0.429384940794145,-0.166905042448778,-0.617722534406769,-0.0783737875665434,-0.0761956512682028,1.47359396,0.743333333333333,0.604651162790698,-0.0536940408630644,-0.056419415035467,-0.965574952655592,2.97542059449711,0.670232200937842,0.665843287987812,2.080693375,0.0833333333333333,0.655813953488372,0.403376416443713,-0.557699114221266,-0.955998574835366,-0.653919964318058,0.17383036898841,0.371047940498072,1.88586129166667,-0.34,0.362790697674419,-1.19561454789176,-0.396300293796364,-1.78052470515679,0.369766814550253,0.121788241445324,0.78409075845619,1.51578051666667,-1.14333333333333,0.404651162790698
"80",2003,883,4,3,"one_YO_summer","M",1,50,"01","one_YO_summer ; 3 ; M ; COWL",0.231136122215984,-0.429384940794145,-0.166905042448778,-0.617722534406769,-0.0783737875665434,-0.0761956512682028,1.47359396,0.743333333333333,0.604651162790698,-0.0536940408630644,-0.056419415035467,-0.965574952655592,2.97542059449711,0.670232200937842,0.665843287987812,2.080693375,0.0833333333333333,0.655813953488372,0.403376416443713,-0.557699114221266,-0.955998574835366,-0.653919964318058,0.17383036898841,0.371047940498072,1.88586129166667,-0.34,0.362790697674419,-1.19561454789176,-0.396300293796364,-1.78052470515679,0.369766814550253,0.121788241445324,0.78409075845619,1.51578051666667,-1.14333333333333,0.404651162790698
"81",2003,870,3,3,"one_YO_summer","M",1,54,"03","one_YO_summer ; 3 ; M ; COWL",0.231136122215984,-0.429384940794145,-0.166905042448778,-0.617722534406769,-0.0783737875665434,-0.0761956512682028,1.47359396,0.743333333333333,0.604651162790698,-0.0536940408630644,-0.056419415035467,-0.965574952655592,2.97542059449711,0.670232200937842,0.665843287987812,2.080693375,0.0833333333333333,0.655813953488372,0.403376416443713,-0.557699114221266,-0.955998574835366,-0.653919964318058,0.17383036898841,0.371047940498072,1.88586129166667,-0.34,0.362790697674419,-1.19561454789176,-0.396300293796364,-1.78052470515679,0.369766814550253,0.121788241445324,0.78409075845619,1.51578051666667,-1.14333333333333,0.404651162790698
"82",2004,883.571428571429,4,3,"one_YO_summer","M",1,50,"01","one_YO_summer ; 3 ; M ; COWL",1.04694803232557,0.459754832859697,0.776368172843441,2.11886446963616,1.1906534763687,1.14557579794655,0.958507189166667,0.0533333333333333,0.66046511627907,0.231136122215984,-0.429384940794145,-0.166905042448778,-0.617722534406769,-0.0783737875665434,-0.0761956512682028,1.47359396,0.743333333333333,0.604651162790698,-0.0536940408630644,-0.056419415035467,-0.965574952655592,2.97542059449711,0.670232200937842,0.665843287987812,2.080693375,0.0833333333333333,0.655813953488372,0.403376416443713,-0.557699114221266,-0.955998574835366,-0.653919964318058,0.17383036898841,0.371047940498072,1.88586129166667,-0.34,0.362790697674419
"83",2004,830,4,3,"one_YO_summer","M",1,54,"03","one_YO_summer ; 3 ; M ; COWL",1.04694803232557,0.459754832859697,0.776368172843441,2.11886446963616,1.1906534763687,1.14557579794655,0.958507189166667,0.0533333333333333,0.66046511627907,0.231136122215984,-0.429384940794145,-0.166905042448778,-0.617722534406769,-0.0783737875665434,-0.0761956512682028,1.47359396,0.743333333333333,0.604651162790698,-0.0536940408630644,-0.056419415035467,-0.965574952655592,2.97542059449711,0.670232200937842,0.665843287987812,2.080693375,0.0833333333333333,0.655813953488372,0.403376416443713,-0.557699114221266,-0.955998574835366,-0.653919964318058,0.17383036898841,0.371047940498072,1.88586129166667,-0.34,0.362790697674419
"84",2004,735.882352941176,3,3,"one_YO_summer","M",1,50,"01","one_YO_summer ; 3 ; M ; COWL",1.04694803232557,0.459754832859697,0.776368172843441,2.11886446963616,1.1906534763687,1.14557579794655,0.958507189166667,0.0533333333333333,0.66046511627907,0.231136122215984,-0.429384940794145,-0.166905042448778,-0.617722534406769,-0.0783737875665434,-0.0761956512682028,1.47359396,0.743333333333333,0.604651162790698,-0.0536940408630644,-0.056419415035467,-0.965574952655592,2.97542059449711,0.670232200937842,0.665843287987812,2.080693375,0.0833333333333333,0.655813953488372,0.403376416443713,-0.557699114221266,-0.955998574835366,-0.653919964318058,0.17383036898841,0.371047940498072,1.88586129166667,-0.34,0.362790697674419
"85",2005,726.75,3,3,"one_YO_summer","M",1,50,"01","one_YO_summer ; 3 ; M ; COWL",1.67643665759551,0.0426888246645873,0.0801655053130415,-0.507704840515382,1.20266319810941,-0.0823394740025727,0.209460249333333,0.57,0.488372093023256,1.04694803232557,0.459754832859697,0.776368172843441,2.11886446963616,1.1906534763687,1.14557579794655,0.958507189166667,0.0533333333333333,0.66046511627907,0.231136122215984,-0.429384940794145,-0.166905042448778,-0.617722534406769,-0.0783737875665434,-0.0761956512682028,1.47359396,0.743333333333333,0.604651162790698,-0.0536940408630644,-0.056419415035467,-0.965574952655592,2.97542059449711,0.670232200937842,0.665843287987812,2.080693375,0.0833333333333333,0.655813953488372
"86",2005,760,4,3,"one_YO_summer","M",1,46,"96","one_YO_summer ; 3 ; M ; COWL",1.67643665759551,0.0426888246645873,0.0801655053130415,-0.507704840515382,1.20266319810941,-0.0823394740025727,0.209460249333333,0.57,0.488372093023256,1.04694803232557,0.459754832859697,0.776368172843441,2.11886446963616,1.1906534763687,1.14557579794655,0.958507189166667,0.0533333333333333,0.66046511627907,0.231136122215984,-0.429384940794145,-0.166905042448778,-0.617722534406769,-0.0783737875665434,-0.0761956512682028,1.47359396,0.743333333333333,0.604651162790698,-0.0536940408630644,-0.056419415035467,-0.965574952655592,2.97542059449711,0.670232200937842,0.665843287987812,2.080693375,0.0833333333333333,0.655813953488372
"87",2005,814.545454545455,4,3,"one_YO_summer","M",1,50,"01","one_YO_summer ; 3 ; M ; COWL",1.67643665759551,0.0426888246645873,0.0801655053130415,-0.507704840515382,1.20266319810941,-0.0823394740025727,0.209460249333333,0.57,0.488372093023256,1.04694803232557,0.459754832859697,0.776368172843441,2.11886446963616,1.1906534763687,1.14557579794655,0.958507189166667,0.0533333333333333,0.66046511627907,0.231136122215984,-0.429384940794145,-0.166905042448778,-0.617722534406769,-0.0783737875665434,-0.0761956512682028,1.47359396,0.743333333333333,0.604651162790698,-0.0536940408630644,-0.056419415035467,-0.965574952655592,2.97542059449711,0.670232200937842,0.665843287987812,2.080693375,0.0833333333333333,0.655813953488372
"88",2005,800,3,3,"one_YO_summer","M",1,54,"03","one_YO_summer ; 3 ; M ; COWL",1.67643665759551,0.0426888246645873,0.0801655053130415,-0.507704840515382,1.20266319810941,-0.0823394740025727,0.209460249333333,0.57,0.488372093023256,1.04694803232557,0.459754832859697,0.776368172843441,2.11886446963616,1.1906534763687,1.14557579794655,0.958507189166667,0.0533333333333333,0.66046511627907,0.231136122215984,-0.429384940794145,-0.166905042448778,-0.617722534406769,-0.0783737875665434,-0.0761956512682028,1.47359396,0.743333333333333,0.604651162790698,-0.0536940408630644,-0.056419415035467,-0.965574952655592,2.97542059449711,0.670232200937842,0.665843287987812,2.080693375,0.0833333333333333,0.655813953488372
"89",2005,815,4,3,"one_YO_summer","M",1,54,"03","one_YO_summer ; 3 ; M ; COWL",1.67643665759551,0.0426888246645873,0.0801655053130415,-0.507704840515382,1.20266319810941,-0.0823394740025727,0.209460249333333,0.57,0.488372093023256,1.04694803232557,0.459754832859697,0.776368172843441,2.11886446963616,1.1906534763687,1.14557579794655,0.958507189166667,0.0533333333333333,0.66046511627907,0.231136122215984,-0.429384940794145,-0.166905042448778,-0.617722534406769,-0.0783737875665434,-0.0761956512682028,1.47359396,0.743333333333333,0.604651162790698,-0.0536940408630644,-0.056419415035467,-0.965574952655592,2.97542059449711,0.670232200937842,0.665843287987812,2.080693375,0.0833333333333333,0.655813953488372
"90",2006,800,4,3,"one_YO_summer","M",1,54,"03","one_YO_summer ; 3 ; M ; COWL",1.45890098300003,0.153145954800748,0.121343929940012,0.678520647681447,0.430037766123601,1.59880216679694,-1.38061641,-0.0266666666666667,0.483720930232558,1.67643665759551,0.0426888246645873,0.0801655053130415,-0.507704840515382,1.20266319810941,-0.0823394740025727,0.209460249333333,0.57,0.488372093023256,1.04694803232557,0.459754832859697,0.776368172843441,2.11886446963616,1.1906534763687,1.14557579794655,0.958507189166667,0.0533333333333333,0.66046511627907,0.231136122215984,-0.429384940794145,-0.166905042448778,-0.617722534406769,-0.0783737875665434,-0.0761956512682028,1.47359396,0.743333333333333,0.604651162790698
"91",2006,710,3,3,"one_YO_summer","M",1,54,"03","one_YO_summer ; 3 ; M ; COWL",1.45890098300003,0.153145954800748,0.121343929940012,0.678520647681447,0.430037766123601,1.59880216679694,-1.38061641,-0.0266666666666667,0.483720930232558,1.67643665759551,0.0426888246645873,0.0801655053130415,-0.507704840515382,1.20266319810941,-0.0823394740025727,0.209460249333333,0.57,0.488372093023256,1.04694803232557,0.459754832859697,0.776368172843441,2.11886446963616,1.1906534763687,1.14557579794655,0.958507189166667,0.0533333333333333,0.66046511627907,0.231136122215984,-0.429384940794145,-0.166905042448778,-0.617722534406769,-0.0783737875665434,-0.0761956512682028,1.47359396,0.743333333333333,0.604651162790698
"92",2006,717.888888888889,3,3,"one_YO_summer","M",1,50,"01","one_YO_summer ; 3 ; M ; COWL",1.45890098300003,0.153145954800748,0.121343929940012,0.678520647681447,0.430037766123601,1.59880216679694,-1.38061641,-0.0266666666666667,0.483720930232558,1.67643665759551,0.0426888246645873,0.0801655053130415,-0.507704840515382,1.20266319810941,-0.0823394740025727,0.209460249333333,0.57,0.488372093023256,1.04694803232557,0.459754832859697,0.776368172843441,2.11886446963616,1.1906534763687,1.14557579794655,0.958507189166667,0.0533333333333333,0.66046511627907,0.231136122215984,-0.429384940794145,-0.166905042448778,-0.617722534406769,-0.0783737875665434,-0.0761956512682028,1.47359396,0.743333333333333,0.604651162790698
"93",2006,822.8,4,3,"one_YO_summer","M",1,50,"01","one_YO_summer ; 3 ; M ; COWL",1.45890098300003,0.153145954800748,0.121343929940012,0.678520647681447,0.430037766123601,1.59880216679694,-1.38061641,-0.0266666666666667,0.483720930232558,1.67643665759551,0.0426888246645873,0.0801655053130415,-0.507704840515382,1.20266319810941,-0.0823394740025727,0.209460249333333,0.57,0.488372093023256,1.04694803232557,0.459754832859697,0.776368172843441,2.11886446963616,1.1906534763687,1.14557579794655,0.958507189166667,0.0533333333333333,0.66046511627907,0.231136122215984,-0.429384940794145,-0.166905042448778,-0.617722534406769,-0.0783737875665434,-0.0761956512682028,1.47359396,0.743333333333333,0.604651162790698
"94",2007,834.814814814815,4,3,"one_YO_summer","M",1,50,"01","one_YO_summer ; 3 ; M ; COWL",0.441725675563844,0.160634203203793,-0.0653954375543873,-0.638695679977564,0.217866015371021,-0.244572503285879,-0.5538727425,0.433333333333333,0.651162790697674,1.45890098300003,0.153145954800748,0.121343929940012,0.678520647681447,0.430037766123601,1.59880216679694,-1.38061641,-0.0266666666666667,0.483720930232558,1.67643665759551,0.0426888246645873,0.0801655053130415,-0.507704840515382,1.20266319810941,-0.0823394740025727,0.209460249333333,0.57,0.488372093023256,1.04694803232557,0.459754832859697,0.776368172843441,2.11886446963616,1.1906534763687,1.14557579794655,0.958507189166667,0.0533333333333333,0.66046511627907
"95",2007,790,4,3,"one_YO_summer","M",1,52,"04","one_YO_summer ; 3 ; M ; COWL",0.441725675563844,0.160634203203793,-0.0653954375543873,-0.638695679977564,0.217866015371021,-0.244572503285879,-0.5538727425,0.433333333333333,0.651162790697674,1.45890098300003,0.153145954800748,0.121343929940012,0.678520647681447,0.430037766123601,1.59880216679694,-1.38061641,-0.0266666666666667,0.483720930232558,1.67643665759551,0.0426888246645873,0.0801655053130415,-0.507704840515382,1.20266319810941,-0.0823394740025727,0.209460249333333,0.57,0.488372093023256,1.04694803232557,0.459754832859697,0.776368172843441,2.11886446963616,1.1906534763687,1.14557579794655,0.958507189166667,0.0533333333333333,0.66046511627907
"96",2007,734.276315789474,3,3,"one_YO_summer","M",1,50,"01","one_YO_summer ; 3 ; M ; COWL",0.441725675563844,0.160634203203793,-0.0653954375543873,-0.638695679977564,0.217866015371021,-0.244572503285879,-0.5538727425,0.433333333333333,0.651162790697674,1.45890098300003,0.153145954800748,0.121343929940012,0.678520647681447,0.430037766123601,1.59880216679694,-1.38061641,-0.0266666666666667,0.483720930232558,1.67643665759551,0.0426888246645873,0.0801655053130415,-0.507704840515382,1.20266319810941,-0.0823394740025727,0.209460249333333,0.57,0.488372093023256,1.04694803232557,0.459754832859697,0.776368172843441,2.11886446963616,1.1906534763687,1.14557579794655,0.958507189166667,0.0533333333333333,0.66046511627907
"97",2007,706.153846153846,3,3,"one_YO_summer","M",1,54,"03","one_YO_summer ; 3 ; M ; COWL",0.441725675563844,0.160634203203793,-0.0653954375543873,-0.638695679977564,0.217866015371021,-0.244572503285879,-0.5538727425,0.433333333333333,0.651162790697674,1.45890098300003,0.153145954800748,0.121343929940012,0.678520647681447,0.430037766123601,1.59880216679694,-1.38061641,-0.0266666666666667,0.483720930232558,1.67643665759551,0.0426888246645873,0.0801655053130415,-0.507704840515382,1.20266319810941,-0.0823394740025727,0.209460249333333,0.57,0.488372093023256,1.04694803232557,0.459754832859697,0.776368172843441,2.11886446963616,1.1906534763687,1.14557579794655,0.958507189166667,0.0533333333333333,0.66046511627907
"98",2007,850,4,3,"one_YO_summer","M",1,54,"03","one_YO_summer ; 3 ; M ; COWL",0.441725675563844,0.160634203203793,-0.0653954375543873,-0.638695679977564,0.217866015371021,-0.244572503285879,-0.5538727425,0.433333333333333,0.651162790697674,1.45890098300003,0.153145954800748,0.121343929940012,0.678520647681447,0.430037766123601,1.59880216679694,-1.38061641,-0.0266666666666667,0.483720930232558,1.67643665759551,0.0426888246645873,0.0801655053130415,-0.507704840515382,1.20266319810941,-0.0823394740025727,0.209460249333333,0.57,0.488372093023256,1.04694803232557,0.459754832859697,0.776368172843441,2.11886446963616,1.1906534763687,1.14557579794655,0.958507189166667,0.0533333333333333,0.66046511627907
"99",2008,735,3,3,"one_YO_summer","M",1,54,"03","one_YO_summer ; 3 ; M ; COWL",0.36166980256232,-0.356325072666694,-0.469518581567907,0.727334690463161,0.289924345815293,1.49455497740617,0.59326066,-0.933333333333333,0.386046511627907,0.441725675563844,0.160634203203793,-0.0653954375543873,-0.638695679977564,0.217866015371021,-0.244572503285879,-0.5538727425,0.433333333333333,0.651162790697674,1.45890098300003,0.153145954800748,0.121343929940012,0.678520647681447,0.430037766123601,1.59880216679694,-1.38061641,-0.0266666666666667,0.483720930232558,1.67643665759551,0.0426888246645873,0.0801655053130415,-0.507704840515382,1.20266319810941,-0.0823394740025727,0.209460249333333,0.57,0.488372093023256
"100",2008,710,3,3,"one_YO_summer","M",1,50,"01","one_YO_summer ; 3 ; M ; COWL",0.36166980256232,-0.356325072666694,-0.469518581567907,0.727334690463161,0.289924345815293,1.49455497740617,0.59326066,-0.933333333333333,0.386046511627907,0.441725675563844,0.160634203203793,-0.0653954375543873,-0.638695679977564,0.217866015371021,-0.244572503285879,-0.5538727425,0.433333333333333,0.651162790697674,1.45890098300003,0.153145954800748,0.121343929940012,0.678520647681447,0.430037766123601,1.59880216679694,-1.38061641,-0.0266666666666667,0.483720930232558,1.67643665759551,0.0426888246645873,0.0801655053130415,-0.507704840515382,1.20266319810941,-0.0823394740025727,0.209460249333333,0.57,0.488372093023256
