"","year","stock","length","SSTarc_summer","SSTarc_winter","PDO","WA_Pinks","ALPI","Pinks","NPGO","MEI_summer","MEI_winter"
"1",1980,"one_YO_summer MNPR 3",-2.25208219122217,-0.148815741964107,0.36701537699535,0.692096048025456,-0.66844266063887,0.738287290801877,-1.31671850353485,-0.749107275833333,0.323333333333333,0.316666666666667
"2",1980,"one_YO_summer MNPR 3",-2.25208219122217,-0.148815741964107,0.36701537699535,0.692096048025456,-0.66844266063887,0.738287290801877,-1.31671850353485,-0.749107275833333,0.323333333333333,0.316666666666667
"3",1980,"one_YO_summer PRGC 2",-0.306365114017624,-0.148815741964107,0.36701537699535,0.692096048025456,-0.66844266063887,0.738287290801877,-1.31671850353485,-0.749107275833333,0.323333333333333,0.316666666666667
"4",1981,"one_YO_summer SAWA 3",2.50478363266569,0.70907991206711,0.22893625559478,1.3011536773918,-0.407085587470291,2.10739556924305,-1.20209254139138,-0.221840562241667,-0.276666666666667,-0.08
"5",1981,"one_YO_summer MNPR 3",3.38812850835425,0.70907991206711,0.22893625559478,1.3011536773918,-0.407085587470291,2.10739556924305,-1.20209254139138,-0.221840562241667,-0.276666666666667,-0.08
"6",1981,"one_YO_summer SAWA 3",2.50478363266569,0.70907991206711,0.22893625559478,1.3011536773918,-0.407085587470291,2.10739556924305,-1.20209254139138,-0.221840562241667,-0.276666666666667,-0.08
"7",1981,"one_YO_summer PRGC 2",3.02708254933445,0.70907991206711,0.22893625559478,1.3011536773918,-0.407085587470291,2.10739556924305,-1.20209254139138,-0.221840562241667,-0.276666666666667,-0.08
"8",1981,"one_YO_summer LEWI 3",1.29879454256649,0.70907991206711,0.22893625559478,1.3011536773918,-0.407085587470291,2.10739556924305,-1.20209254139138,-0.221840562241667,-0.276666666666667,-0.08
"9",1981,"one_YO_summer MNPR 3",3.38812850835425,0.70907991206711,0.22893625559478,1.3011536773918,-0.407085587470291,2.10739556924305,-1.20209254139138,-0.221840562241667,-0.276666666666667,-0.08
"10",1982,"one_YO_summer SAWA 3",-0.977938531647928,-0.502123428602313,0.0485007154530492,0.0418599940321392,-0.66844266063887,-1.21529411235395,-1.10284432827766,-0.686691380833333,1.87333333333333,-0.376666666666667
"11",1982,"one_YO_summer LEWI 3",-1.95876122853191,-0.502123428602313,0.0485007154530492,0.0418599940321392,-0.66844266063887,-1.21529411235395,-1.10284432827766,-0.686691380833333,1.87333333333333,-0.376666666666667
"12",1982,"one_YO_summer PRGC 2",-0.868226368386134,-0.502123428602313,0.0485007154530492,0.0418599940321392,-0.66844266063887,-1.21529411235395,-1.10284432827766,-0.686691380833333,1.87333333333333,-0.376666666666667
"13",1982,"one_YO_summer SAWA 3",-0.977938531647928,-0.502123428602313,0.0485007154530492,0.0418599940321392,-0.66844266063887,-1.21529411235395,-1.10284432827766,-0.686691380833333,1.87333333333333,-0.376666666666667
"14",1982,"one_YO_summer MNPR 3",-0.542111328366425,-0.502123428602313,0.0485007154530492,0.0418599940321392,-0.66844266063887,-1.21529411235395,-1.10284432827766,-0.686691380833333,1.87333333333333,-0.376666666666667
"15",1982,"one_YO_summer MNPR 3",-0.542111328366425,-0.502123428602313,0.0485007154530492,0.0418599940321392,-0.66844266063887,-1.21529411235395,-1.10284432827766,-0.686691380833333,1.87333333333333,-0.376666666666667
"16",1983,"one_YO_summer MNPR 3",-1.11148955813877,0.432627287177207,0.0145771380128532,1.7723114661469,0.21860434032427,2.74791406208103,-1.14006743800425,-0.09206469425,0.0766666666666667,2.66333333333333
"17",1983,"one_YO_summer MNPR 3",-1.11148955813877,0.432627287177207,0.0145771380128532,1.7723114661469,0.21860434032427,2.74791406208103,-1.14006743800425,-0.09206469425,0.0766666666666667,2.66333333333333
"18",1983,"one_YO_summer SAWA 3",-2.30678270994898,0.432627287177207,0.0145771380128532,1.7723114661469,0.21860434032427,2.74791406208103,-1.14006743800425,-0.09206469425,0.0766666666666667,2.66333333333333
"19",1983,"one_YO_summer LEWI 3",-0.447070502647241,0.432627287177207,0.0145771380128532,1.7723114661469,0.21860434032427,2.74791406208103,-1.14006743800425,-0.09206469425,0.0766666666666667,2.66333333333333
"20",1983,"one_YO_summer SAWA 3",-2.30678270994898,0.432627287177207,0.0145771380128532,1.7723114661469,0.21860434032427,2.74791406208103,-1.14006743800425,-0.09206469425,0.0766666666666667,2.66333333333333
"21",1984,"one_YO_summer LEWI 3",1.48327450657948,0.499303580290418,0.432952148338844,1.03109982286144,-0.668458792013385,0.742290531382114,-1.1592217304735,0.620750036666667,-0.19,-0.376666666666667
"22",1984,"one_YO_summer SAND 8",2.80167976812539,0.499303580290418,0.432952148338844,1.03109982286144,-0.668458792013385,0.742290531382114,-1.1592217304735,0.620750036666667,-0.19,-0.376666666666667
"23",1984,"one_YO_summer SAWA 3",0.417632931393253,0.499303580290418,0.432952148338844,1.03109982286144,-0.668458792013385,0.742290531382114,-1.1592217304735,0.620750036666667,-0.19,-0.376666666666667
"24",1984,"one_YO_summer MNPR 3",1.31447833032805,0.499303580290418,0.432952148338844,1.03109982286144,-0.668458792013385,0.742290531382114,-1.1592217304735,0.620750036666667,-0.19,-0.376666666666667
"25",1984,"one_YO_summer MNPR 3",1.31447833032805,0.499303580290418,0.432952148338844,1.03109982286144,-0.668458792013385,0.742290531382114,-1.1592217304735,0.620750036666667,-0.19,-0.376666666666667
"26",1984,"one_YO_summer SAND 8",2.80167976812539,0.499303580290418,0.432952148338844,1.03109982286144,-0.668458792013385,0.742290531382114,-1.1592217304735,0.620750036666667,-0.19,-0.376666666666667
"27",1984,"one_YO_summer SAWA 3",0.417632931393253,0.499303580290418,0.432952148338844,1.03109982286144,-0.668458792013385,0.742290531382114,-1.1592217304735,0.620750036666667,-0.19,-0.376666666666667
"28",1985,"one_YO_summer SAWA 3",-0.720371275337788,-0.0884125971060417,0.0289481346634613,0.368414477701831,0.873266216747733,-0.586785341256687,-0.789755296085584,-0.393901047083333,-0.276666666666667,-0.476666666666667
"29",1985,"one_YO_summer MNPR 3",0.830796070904948,-0.0884125971060417,0.0289481346634613,0.368414477701831,0.873266216747733,-0.586785341256687,-0.789755296085584,-0.393901047083333,-0.276666666666667,-0.476666666666667
"30",1985,"one_YO_summer SAND 8",1.27377689622081,-0.0884125971060417,0.0289481346634613,0.368414477701831,0.873266216747733,-0.586785341256687,-0.789755296085584,-0.393901047083333,-0.276666666666667,-0.476666666666667
"31",1985,"one_YO_summer SAND 8",1.27377689622081,-0.0884125971060417,0.0289481346634613,0.368414477701831,0.873266216747733,-0.586785341256687,-0.789755296085584,-0.393901047083333,-0.276666666666667,-0.476666666666667
"32",1985,"one_YO_summer MNPR 3",0.830796070904948,-0.0884125971060417,0.0289481346634613,0.368414477701831,0.873266216747733,-0.586785341256687,-0.789755296085584,-0.393901047083333,-0.276666666666667,-0.476666666666667
"33",1985,"one_YO_summer LEWI 3",-1.65210906839495,-0.0884125971060417,0.0289481346634613,0.368414477701831,0.873266216747733,-0.586785341256687,-0.789755296085584,-0.393901047083333,-0.276666666666667,-0.476666666666667
"34",1985,"one_YO_summer SAWA 3",-0.720371275337788,-0.0884125971060417,0.0289481346634613,0.368414477701831,0.873266216747733,-0.586785341256687,-0.789755296085584,-0.393901047083333,-0.276666666666667,-0.476666666666667
"35",1986,"one_YO_summer MNPR 3",0.94422548037258,0.34447407043283,0.246118316842222,1.49555414714238,-0.667445972142051,2.15143121562566,-1.03113010375293,-0.732847288333333,0.973333333333333,-0.35
"36",1986,"one_YO_summer SAWA 3",2.06601757730848,0.34447407043283,0.246118316842222,1.49555414714238,-0.667445972142051,2.15143121562566,-1.03113010375293,-0.732847288333333,0.973333333333333,-0.35
"37",1986,"one_YO_summer SAWA 3",2.06601757730848,0.34447407043283,0.246118316842222,1.49555414714238,-0.667445972142051,2.15143121562566,-1.03113010375293,-0.732847288333333,0.973333333333333,-0.35
"38",1986,"one_YO_summer LEWI 3",2.01570803583627,0.34447407043283,0.246118316842222,1.49555414714238,-0.667445972142051,2.15143121562566,-1.03113010375293,-0.732847288333333,0.973333333333333,-0.35
"39",1986,"one_YO_summer MNPR 3",0.94422548037258,0.34447407043283,0.246118316842222,1.49555414714238,-0.667445972142051,2.15143121562566,-1.03113010375293,-0.732847288333333,0.973333333333333,-0.35
"40",1986,"one_YO_summer SAND 8",0.871091432211001,0.34447407043283,0.246118316842222,1.49555414714238,-0.667445972142051,2.15143121562566,-1.03113010375293,-0.732847288333333,0.973333333333333,-0.35
"41",1986,"one_YO_summer SAND 8",0.871091432211001,0.34447407043283,0.246118316842222,1.49555414714238,-0.667445972142051,2.15143121562566,-1.03113010375293,-0.732847288333333,0.973333333333333,-0.35
"42",1987,"one_YO_summer SAWA 3",0.839135545320087,-0.18100158429132,0.45855084274007,1.64398800335588,0.521385631006277,1.51891920394816,-0.471887750394094,0.429174729166667,1.54333333333333,1.17666666666667
"43",1987,"one_YO_summer SAWA 3",0.839135545320087,-0.18100158429132,0.45855084274007,1.64398800335588,0.521385631006277,1.51891920394816,-0.471887750394094,0.429174729166667,1.54333333333333,1.17666666666667
"44",1987,"one_YO_summer SAND 8",1.61677577431346,-0.18100158429132,0.45855084274007,1.64398800335588,0.521385631006277,1.51891920394816,-0.471887750394094,0.429174729166667,1.54333333333333,1.17666666666667
"45",1987,"one_YO_summer MNPR 3",0.503888584483111,-0.18100158429132,0.45855084274007,1.64398800335588,0.521385631006277,1.51891920394816,-0.471887750394094,0.429174729166667,1.54333333333333,1.17666666666667
"46",1987,"one_YO_summer LEWI 3",1.08187519349672,-0.18100158429132,0.45855084274007,1.64398800335588,0.521385631006277,1.51891920394816,-0.471887750394094,0.429174729166667,1.54333333333333,1.17666666666667
"47",1987,"one_YO_summer SAND 8",1.61677577431346,-0.18100158429132,0.45855084274007,1.64398800335588,0.521385631006277,1.51891920394816,-0.471887750394094,0.429174729166667,1.54333333333333,1.17666666666667
"48",1987,"one_YO_summer MNPR 3",0.503888584483111,-0.18100158429132,0.45855084274007,1.64398800335588,0.521385631006277,1.51891920394816,-0.471887750394094,0.429174729166667,1.54333333333333,1.17666666666667
"49",1988,"one_YO_summer SAWA 3",-0.0468800968618636,-0.0920488251148964,0.0132102283938178,0.293718730704072,-0.667352640618072,0.554138224110959,-0.826084487748374,1.32363676333333,-1.77666666666667,0.363333333333333
"50",1988,"one_YO_summer SAND 8",1.61250246459269,-0.0920488251148964,0.0132102283938178,0.293718730704072,-0.667352640618072,0.554138224110959,-0.826084487748374,1.32363676333333,-1.77666666666667,0.363333333333333
"51",1988,"one_YO_summer MNPR 3",1.12425745612296,-0.0920488251148964,0.0132102283938178,0.293718730704072,-0.667352640618072,0.554138224110959,-0.826084487748374,1.32363676333333,-1.77666666666667,0.363333333333333
"52",1988,"one_YO_summer SAND 8",1.61250246459269,-0.0920488251148964,0.0132102283938178,0.293718730704072,-0.667352640618072,0.554138224110959,-0.826084487748374,1.32363676333333,-1.77666666666667,0.363333333333333
"53",1988,"one_YO_summer SAWA 3",-0.0468800968618636,-0.0920488251148964,0.0132102283938178,0.293718730704072,-0.667352640618072,0.554138224110959,-0.826084487748374,1.32363676333333,-1.77666666666667,0.363333333333333
"54",1988,"one_YO_summer MNPR 3",1.12425745612296,-0.0920488251148964,0.0132102283938178,0.293718730704072,-0.667352640618072,0.554138224110959,-0.826084487748374,1.32363676333333,-1.77666666666667,0.363333333333333
"55",1988,"one_YO_summer PRGC 2",0.927785968719738,-0.0920488251148964,0.0132102283938178,0.293718730704072,-0.667352640618072,0.554138224110959,-0.826084487748374,1.32363676333333,-1.77666666666667,0.363333333333333
"56",1988,"one_YO_summer LEWI 3",0.264486536027823,-0.0920488251148964,0.0132102283938178,0.293718730704072,-0.667352640618072,0.554138224110959,-0.826084487748374,1.32363676333333,-1.77666666666667,0.363333333333333
"57",1989,"one_YO_summer PRGC 2",-0.92869856354397,0.536806230637925,-0.339264697042005,-0.241600789446538,0.297336970367735,-1.00312236160137,-0.0780338198967607,0.612240616666667,-0.82,-1.11666666666667
"58",1989,"one_YO_summer MNPR 3",0.303718224272763,0.536806230637925,-0.339264697042005,-0.241600789446538,0.297336970367735,-1.00312236160137,-0.0780338198967607,0.612240616666667,-0.82,-1.11666666666667
"59",1989,"one_YO_summer SAWA 3",1.37054708859247,0.536806230637925,-0.339264697042005,-0.241600789446538,0.297336970367735,-1.00312236160137,-0.0780338198967607,0.612240616666667,-0.82,-1.11666666666667
"60",1989,"one_YO_summer MNPR 3",0.303718224272763,0.536806230637925,-0.339264697042005,-0.241600789446538,0.297336970367735,-1.00312236160137,-0.0780338198967607,0.612240616666667,-0.82,-1.11666666666667
"61",1989,"one_YO_summer SAWA 3",1.37054708859247,0.536806230637925,-0.339264697042005,-0.241600789446538,0.297336970367735,-1.00312236160137,-0.0780338198967607,0.612240616666667,-0.82,-1.11666666666667
"62",1989,"one_YO_summer LEWI 3",1.6319785643108,0.536806230637925,-0.339264697042005,-0.241600789446538,0.297336970367735,-1.00312236160137,-0.0780338198967607,0.612240616666667,-0.82,-1.11666666666667
"63",1990,"one_YO_summer MNPR 3",0.334478467087177,0.827616549912811,0.006107248520029,-0.612206611089268,-0.666096697887977,-0.278535816578411,0.434783614806247,-0.201546121083333,0.146666666666667,0.386666666666667
"64",1990,"one_YO_summer LEWI 3",1.61644955187288,0.827616549912811,0.006107248520029,-0.612206611089268,-0.666096697887977,-0.278535816578411,0.434783614806247,-0.201546121083333,0.146666666666667,0.386666666666667
"65",1990,"one_YO_summer MNPR 3",0.334478467087177,0.827616549912811,0.006107248520029,-0.612206611089268,-0.666096697887977,-0.278535816578411,0.434783614806247,-0.201546121083333,0.146666666666667,0.386666666666667
"66",1990,"one_YO_summer SAWA 3",0.295732482469187,0.827616549912811,0.006107248520029,-0.612206611089268,-0.666096697887977,-0.278535816578411,0.434783614806247,-0.201546121083333,0.146666666666667,0.386666666666667
"67",1990,"one_YO_summer PRGC 2",-0.164493316856589,0.827616549912811,0.006107248520029,-0.612206611089268,-0.666096697887977,-0.278535816578411,0.434783614806247,-0.201546121083333,0.146666666666667,0.386666666666667
"68",1990,"one_YO_summer SAWA 3",0.295732482469187,0.827616549912811,0.006107248520029,-0.612206611089268,-0.666096697887977,-0.278535816578411,0.434783614806247,-0.201546121083333,0.146666666666667,0.386666666666667
"69",1991,"one_YO_summer PRGC 2",0.220401791561562,-0.209636295757308,0.045696271425006,-0.672537791356689,0.24003832809053,0.24989194001292,0.281871549880582,-0.498914711166667,0.64,0.15
"70",1991,"one_YO_summer SAWA 3",1.17262189174472,-0.209636295757308,0.045696271425006,-0.672537791356689,0.24003832809053,0.24989194001292,0.281871549880582,-0.498914711166667,0.64,0.15
"71",1991,"one_YO_summer LEWI 3",0.484366142629,-0.209636295757308,0.045696271425006,-0.672537791356689,0.24003832809053,0.24989194001292,0.281871549880582,-0.498914711166667,0.64,0.15
"72",1991,"one_YO_summer MNPR 3",0.386205914736726,-0.209636295757308,0.045696271425006,-0.672537791356689,0.24003832809053,0.24989194001292,0.281871549880582,-0.498914711166667,0.64,0.15
"73",1991,"one_YO_summer MNPR 3",0.386205914736726,-0.209636295757308,0.045696271425006,-0.672537791356689,0.24003832809053,0.24989194001292,0.281871549880582,-0.498914711166667,0.64,0.15
"74",1991,"one_YO_summer SAWA 3",1.17262189174472,-0.209636295757308,0.045696271425006,-0.672537791356689,0.24003832809053,0.24989194001292,0.281871549880582,-0.498914711166667,0.64,0.15
"75",1992,"one_YO_summer SAWA 3",0.588287514536089,1.20754678551625,0.0374408823320235,1.21113572588168,-0.665479096692261,0.926439598073033,-0.820527770467191,-1.09491887,0.446666666666667,1.67
"76",1992,"one_YO_summer MNPR 3",-0.171160625497248,1.20754678551625,0.0374408823320235,1.21113572588168,-0.665479096692261,0.926439598073033,-0.820527770467191,-1.09491887,0.446666666666667,1.67
"77",1992,"one_YO_summer SAND 8",-0.266445550183371,1.20754678551625,0.0374408823320235,1.21113572588168,-0.665479096692261,0.926439598073033,-0.820527770467191,-1.09491887,0.446666666666667,1.67
"78",1992,"one_YO_summer LEWI 3",0.502366411848256,1.20754678551625,0.0374408823320235,1.21113572588168,-0.665479096692261,0.926439598073033,-0.820527770467191,-1.09491887,0.446666666666667,1.67
"79",1992,"one_YO_summer MNPR 3",-0.171160625497248,1.20754678551625,0.0374408823320235,1.21113572588168,-0.665479096692261,0.926439598073033,-0.820527770467191,-1.09491887,0.446666666666667,1.67
"80",1992,"one_YO_summer SAND 8",-0.266445550183371,1.20754678551625,0.0374408823320235,1.21113572588168,-0.665479096692261,0.926439598073033,-0.820527770467191,-1.09491887,0.446666666666667,1.67
"81",1992,"one_YO_summer SAWA 3",0.588287514536089,1.20754678551625,0.0374408823320235,1.21113572588168,-0.665479096692261,0.926439598073033,-0.820527770467191,-1.09491887,0.446666666666667,1.67
"82",1993,"one_YO_summer MNPR 3",-0.408031439955547,1.07656847230094,0.0666150848755891,1.53673257176935,0.299114878287493,-0.306558500640073,-0.554279255648899,-1.90199258833333,0.723333333333333,0.846666666666667
"83",1993,"one_YO_summer MNPR 3",-0.408031439955547,1.07656847230094,0.0666150848755891,1.53673257176935,0.299114878287493,-0.306558500640073,-0.554279255648899,-1.90199258833333,0.723333333333333,0.846666666666667
"84",1993,"one_YO_summer LEWI 3",0.741470715981837,1.07656847230094,0.0666150848755891,1.53673257176935,0.299114878287493,-0.306558500640073,-0.554279255648899,-1.90199258833333,0.723333333333333,0.846666666666667
"85",1993,"one_YO_summer SAWA 3",-0.0983092283304266,1.07656847230094,0.0666150848755891,1.53673257176935,0.299114878287493,-0.306558500640073,-0.554279255648899,-1.90199258833333,0.723333333333333,0.846666666666667
"86",1993,"one_YO_summer SAWA 3",-0.0983092283304266,1.07656847230094,0.0666150848755891,1.53673257176935,0.299114878287493,-0.306558500640073,-0.554279255648899,-1.90199258833333,0.723333333333333,0.846666666666667
"87",1994,"one_YO_summer LEWI 3",0.0681238193977419,0.765179539826205,0.375463275251717,-0.229151498280245,-0.666726973735098,-0.182458042652715,0.399636112807948,-1.2115987825,0.926666666666667,-0.12
"88",1994,"one_YO_summer SAWA 3",0.263705064200925,0.765179539826205,0.375463275251717,-0.229151498280245,-0.666726973735098,-0.182458042652715,0.399636112807948,-1.2115987825,0.926666666666667,-0.12
"89",1994,"one_YO_summer PRGC 2",0.0284179086084227,0.765179539826205,0.375463275251717,-0.229151498280245,-0.666726973735098,-0.182458042652715,0.399636112807948,-1.2115987825,0.926666666666667,-0.12
"90",1994,"one_YO_summer MNPR 3",0.240353312887733,0.765179539826205,0.375463275251717,-0.229151498280245,-0.666726973735098,-0.182458042652715,0.399636112807948,-1.2115987825,0.926666666666667,-0.12
"91",1994,"one_YO_summer MNPR 3",0.240353312887733,0.765179539826205,0.375463275251717,-0.229151498280245,-0.666726973735098,-0.182458042652715,0.399636112807948,-1.2115987825,0.926666666666667,-0.12
"92",1994,"one_YO_summer SAWA 3",0.263705064200925,0.765179539826205,0.375463275251717,-0.229151498280245,-0.666726973735098,-0.182458042652715,0.399636112807948,-1.2115987825,0.926666666666667,-0.12
"93",1995,"one_YO_summer MNPR 3",0.235899440440593,0.474656489015602,-0.280814344238961,0.842445179802998,0.995325414256358,0.706261366159978,-0.339041835844573,-1.03920854583333,-0.586666666666667,0.463333333333333
"94",1995,"one_YO_summer SAND 8",0.762864148389983,0.474656489015602,-0.280814344238961,0.842445179802998,0.995325414256358,0.706261366159978,-0.339041835844573,-1.03920854583333,-0.586666666666667,0.463333333333333
"95",1995,"one_YO_summer LEWI 3",0.377945909440936,0.474656489015602,-0.280814344238961,0.842445179802998,0.995325414256358,0.706261366159978,-0.339041835844573,-1.03920854583333,-0.586666666666667,0.463333333333333
"96",1995,"one_YO_summer MNPR 3",0.235899440440593,0.474656489015602,-0.280814344238961,0.842445179802998,0.995325414256358,0.706261366159978,-0.339041835844573,-1.03920854583333,-0.586666666666667,0.463333333333333
"97",1995,"one_YO_summer SAWA 3",0.156747507342611,0.474656489015602,-0.280814344238961,0.842445179802998,0.995325414256358,0.706261366159978,-0.339041835844573,-1.03920854583333,-0.586666666666667,0.463333333333333
"98",1995,"one_YO_summer SAWA 3",0.156747507342611,0.474656489015602,-0.280814344238961,0.842445179802998,0.995325414256358,0.706261366159978,-0.339041835844573,-1.03920854583333,-0.586666666666667,0.463333333333333
"99",1995,"one_YO_summer WIND 8",0.225864878396039,0.474656489015602,-0.280814344238961,0.842445179802998,0.995325414256358,0.706261366159978,-0.339041835844573,-1.03920854583333,-0.586666666666667,0.463333333333333
"100",1995,"one_YO_summer SAND 8",0.762864148389983,0.474656489015602,-0.280814344238961,0.842445179802998,0.995325414256358,0.706261366159978,-0.339041835844573,-1.03920854583333,-0.586666666666667,0.463333333333333
"101",1996,"one_YO_summer LEWI 3",-0.138601872148661,0.786592786827044,0.50961041984887,1.12303304993561,-0.664314181004072,0.414024803802651,-0.180107443592481,-0.972836611666667,-0.54,-0.76
"102",1996,"one_YO_summer PRGC 2",0.824173715777091,0.786592786827044,0.50961041984887,1.12303304993561,-0.664314181004072,0.414024803802651,-0.180107443592481,-0.972836611666667,-0.54,-0.76
"103",1996,"one_YO_summer MNPR 3",0.871271775315491,0.786592786827044,0.50961041984887,1.12303304993561,-0.664314181004072,0.414024803802651,-0.180107443592481,-0.972836611666667,-0.54,-0.76
"104",1996,"one_YO_summer SAND 8",0.346734701534559,0.786592786827044,0.50961041984887,1.12303304993561,-0.664314181004072,0.414024803802651,-0.180107443592481,-0.972836611666667,-0.54,-0.76
"105",1996,"one_YO_summer SAWA 3",1.52548670922726,0.786592786827044,0.50961041984887,1.12303304993561,-0.664314181004072,0.414024803802651,-0.180107443592481,-0.972836611666667,-0.54,-0.76
"106",1996,"one_YO_summer SAWA 3",1.52548670922726,0.786592786827044,0.50961041984887,1.12303304993561,-0.664314181004072,0.414024803802651,-0.180107443592481,-0.972836611666667,-0.54,-0.76
"107",1996,"one_YO_summer MNPR 3",0.871271775315491,0.786592786827044,0.50961041984887,1.12303304993561,-0.664314181004072,0.414024803802651,-0.180107443592481,-0.972836611666667,-0.54,-0.76
"108",1996,"one_YO_summer SAND 8",0.346734701534559,0.786592786827044,0.50961041984887,1.12303304993561,-0.664314181004072,0.414024803802651,-0.180107443592481,-0.972836611666667,-0.54,-0.76
"109",1996,"one_YO_summer WIND 8",0.514305371100345,0.786592786827044,0.50961041984887,1.12303304993561,-0.664314181004072,0.414024803802651,-0.180107443592481,-0.972836611666667,-0.54,-0.76
"110",1997,"one_YO_summer MNPR 3",0.188526595227807,2.23442993734425,0.193926425226803,1.85083776427275,-0.329354254887792,0.265904902333869,0.0403217025677301,-0.657690615833333,2.16,-0.556666666666667
"111",1997,"one_YO_summer MNPR 3",0.188526595227807,2.23442993734425,0.193926425226803,1.85083776427275,-0.329354254887792,0.265904902333869,0.0403217025677301,-0.657690615833333,2.16,-0.556666666666667
"112",1997,"one_YO_summer SAWA 3",-0.189044862785814,2.23442993734425,0.193926425226803,1.85083776427275,-0.329354254887792,0.265904902333869,0.0403217025677301,-0.657690615833333,2.16,-0.556666666666667
"113",1997,"one_YO_summer SAND 8",0.20389979440236,2.23442993734425,0.193926425226803,1.85083776427275,-0.329354254887792,0.265904902333869,0.0403217025677301,-0.657690615833333,2.16,-0.556666666666667
"114",1997,"one_YO_summer SAWA 3",-0.189044862785814,2.23442993734425,0.193926425226803,1.85083776427275,-0.329354254887792,0.265904902333869,0.0403217025677301,-0.657690615833333,2.16,-0.556666666666667
"115",1997,"one_YO_summer LEWI 3",-0.498079310809765,2.23442993734425,0.193926425226803,1.85083776427275,-0.329354254887792,0.265904902333869,0.0403217025677301,-0.657690615833333,2.16,-0.556666666666667
"116",1997,"one_YO_summer WIND 8",0.841335916568327,2.23442993734425,0.193926425226803,1.85083776427275,-0.329354254887792,0.265904902333869,0.0403217025677301,-0.657690615833333,2.16,-0.556666666666667
"117",1997,"one_YO_summer SAND 8",0.20389979440236,2.23442993734425,0.193926425226803,1.85083776427275,-0.329354254887792,0.265904902333869,0.0403217025677301,-0.657690615833333,2.16,-0.556666666666667
"118",1998,"one_YO_summer PRGC 2",1.00284703595209,0.317672322607817,0.370556194343786,-0.211914018203839,-0.66161332801385,1.90323029965095,0.204636258351094,0.544553282666667,-1.49,2.31
"119",1998,"one_YO_summer MNPR 3",-0.18788457739326,0.317672322607817,0.370556194343786,-0.211914018203839,-0.66161332801385,1.90323029965095,0.204636258351094,0.544553282666667,-1.49,2.31
"120",1998,"one_YO_summer MNPR 3",-0.18788457739326,0.317672322607817,0.370556194343786,-0.211914018203839,-0.66161332801385,1.90323029965095,0.204636258351094,0.544553282666667,-1.49,2.31
"121",1998,"one_YO_summer WIND 8",-0.77979664838167,0.317672322607817,0.370556194343786,-0.211914018203839,-0.66161332801385,1.90323029965095,0.204636258351094,0.544553282666667,-1.49,2.31
"122",1998,"one_YO_summer SAWA 3",-0.37122961641788,0.317672322607817,0.370556194343786,-0.211914018203839,-0.66161332801385,1.90323029965095,0.204636258351094,0.544553282666667,-1.49,2.31
"123",1998,"one_YO_summer SAWA 3",-0.37122961641788,0.317672322607817,0.370556194343786,-0.211914018203839,-0.66161332801385,1.90323029965095,0.204636258351094,0.544553282666667,-1.49,2.31
"124",1998,"one_YO_summer LEWI 3",-0.26859957354072,0.317672322607817,0.370556194343786,-0.211914018203839,-0.66161332801385,1.90323029965095,0.204636258351094,0.544553282666667,-1.49,2.31
"125",1998,"one_YO_summer SAND 8",0.294539534485513,0.317672322607817,0.370556194343786,-0.211914018203839,-0.66161332801385,1.90323029965095,0.204636258351094,0.544553282666667,-1.49,2.31
"126",1998,"one_YO_summer SAND 8",0.294539534485513,0.317672322607817,0.370556194343786,-0.211914018203839,-0.66161332801385,1.90323029965095,0.204636258351094,0.544553282666667,-1.49,2.31
"127",1999,"one_YO_summer PRGC 2",-0.899803979781715,-1.19561454789176,-0.396300293796364,-1.78052470515679,0.369839433125307,0.121788241445324,0.78409075845619,1.51578051666667,-1.14333333333333,-1.18333333333333
"128",1999,"one_YO_summer SAWA 3",0.362116026951783,-1.19561454789176,-0.396300293796364,-1.78052470515679,0.369839433125307,0.121788241445324,0.78409075845619,1.51578051666667,-1.14333333333333,-1.18333333333333
"129",1999,"one_YO_summer MNPR 3",0.297462383365939,-1.19561454789176,-0.396300293796364,-1.78052470515679,0.369839433125307,0.121788241445324,0.78409075845619,1.51578051666667,-1.14333333333333,-1.18333333333333
"130",1999,"one_YO_summer MNPR 3",0.297462383365939,-1.19561454789176,-0.396300293796364,-1.78052470515679,0.369839433125307,0.121788241445324,0.78409075845619,1.51578051666667,-1.14333333333333,-1.18333333333333
"131",1999,"one_YO_summer LEWI 3",0.139300745902979,-1.19561454789176,-0.396300293796364,-1.78052470515679,0.369839433125307,0.121788241445324,0.78409075845619,1.51578051666667,-1.14333333333333,-1.18333333333333
"132",1999,"one_YO_summer WIND 8",1.19873242747521,-1.19561454789176,-0.396300293796364,-1.78052470515679,0.369839433125307,0.121788241445324,0.78409075845619,1.51578051666667,-1.14333333333333,-1.18333333333333
"133",1999,"one_YO_summer SAWA 3",0.362116026951783,-1.19561454789176,-0.396300293796364,-1.78052470515679,0.369839433125307,0.121788241445324,0.78409075845619,1.51578051666667,-1.14333333333333,-1.18333333333333
"134",1999,"one_YO_summer SAND 8",-0.491333293405791,-1.19561454789176,-0.396300293796364,-1.78052470515679,0.369839433125307,0.121788241445324,0.78409075845619,1.51578051666667,-1.14333333333333,-1.18333333333333
"135",1999,"one_YO_summer SAND 8",-0.491333293405791,-1.19561454789176,-0.396300293796364,-1.78052470515679,0.369839433125307,0.121788241445324,0.78409075845619,1.51578051666667,-1.14333333333333,-1.18333333333333
"136",2000,"one_YO_summer SAWA 3",0.71254935228624,0.403376416443713,-0.557699114221266,-0.955998574835366,-0.653788459133048,0.17383036898841,0.371047940498072,1.88586129166667,-0.34,-1.29666666666667
"137",2000,"one_YO_summer MNPR 3",0.717228312741169,0.403376416443713,-0.557699114221266,-0.955998574835366,-0.653788459133048,0.17383036898841,0.371047940498072,1.88586129166667,-0.34,-1.29666666666667
"138",2000,"one_YO_summer PRGC 2",0.262377869024874,0.403376416443713,-0.557699114221266,-0.955998574835366,-0.653788459133048,0.17383036898841,0.371047940498072,1.88586129166667,-0.34,-1.29666666666667
"139",2000,"one_YO_summer LEWI 3",0.442087717008785,0.403376416443713,-0.557699114221266,-0.955998574835366,-0.653788459133048,0.17383036898841,0.371047940498072,1.88586129166667,-0.34,-1.29666666666667
"140",2000,"one_YO_summer SAND 8",0.274469550472799,0.403376416443713,-0.557699114221266,-0.955998574835366,-0.653788459133048,0.17383036898841,0.371047940498072,1.88586129166667,-0.34,-1.29666666666667
"141",2000,"one_YO_summer SAND 8",0.274469550472799,0.403376416443713,-0.557699114221266,-0.955998574835366,-0.653788459133048,0.17383036898841,0.371047940498072,1.88586129166667,-0.34,-1.29666666666667
"142",2000,"one_YO_summer MNPR 3",0.717228312741169,0.403376416443713,-0.557699114221266,-0.955998574835366,-0.653788459133048,0.17383036898841,0.371047940498072,1.88586129166667,-0.34,-1.29666666666667
"143",2000,"one_YO_summer WIND 8",-0.110635293097626,0.403376416443713,-0.557699114221266,-0.955998574835366,-0.653788459133048,0.17383036898841,0.371047940498072,1.88586129166667,-0.34,-1.29666666666667
"144",2000,"one_YO_summer SAWA 3",0.71254935228624,0.403376416443713,-0.557699114221266,-0.955998574835366,-0.653788459133048,0.17383036898841,0.371047940498072,1.88586129166667,-0.34,-1.29666666666667
"145",2001,"one_YO_summer MNPR 3",-0.591572827052487,-0.0536940408630644,-0.056419415035467,-0.965574952655592,2.97534332531256,0.670232200937842,0.665843287987812,2.080693375,0.0833333333333333,-0.826666666666667
"146",2001,"one_YO_summer MNPR 3",-0.591572827052487,-0.0536940408630644,-0.056419415035467,-0.965574952655592,2.97534332531256,0.670232200937842,0.665843287987812,2.080693375,0.0833333333333333,-0.826666666666667
"147",2001,"one_YO_summer WIND 8",2.40250314535369,-0.0536940408630644,-0.056419415035467,-0.965574952655592,2.97534332531256,0.670232200937842,0.665843287987812,2.080693375,0.0833333333333333,-0.826666666666667
"148",2001,"one_YO_summer SAND 8",-0.802243843653134,-0.0536940408630644,-0.056419415035467,-0.965574952655592,2.97534332531256,0.670232200937842,0.665843287987812,2.080693375,0.0833333333333333,-0.826666666666667
"149",2001,"one_YO_summer PRGC 2",0.799355368055497,-0.0536940408630644,-0.056419415035467,-0.965574952655592,2.97534332531256,0.670232200937842,0.665843287987812,2.080693375,0.0833333333333333,-0.826666666666667
"150",2001,"one_YO_summer SAND 8",-0.802243843653134,-0.0536940408630644,-0.056419415035467,-0.965574952655592,2.97534332531256,0.670232200937842,0.665843287987812,2.080693375,0.0833333333333333,-0.826666666666667
"151",2001,"one_YO_summer SAWA 3",-0.294539776026292,-0.0536940408630644,-0.056419415035467,-0.965574952655592,2.97534332531256,0.670232200937842,0.665843287987812,2.080693375,0.0833333333333333,-0.826666666666667
"152",2001,"one_YO_summer SAWA 3",-0.294539776026292,-0.0536940408630644,-0.056419415035467,-0.965574952655592,2.97534332531256,0.670232200937842,0.665843287987812,2.080693375,0.0833333333333333,-0.826666666666667
"153",2001,"one_YO_summer LEWI 3",0.769966820358255,-0.0536940408630644,-0.056419415035467,-0.965574952655592,2.97534332531256,0.670232200937842,0.665843287987812,2.080693375,0.0833333333333333,-0.826666666666667
"154",2002,"one_YO_summer SAND 8",0.304940008012546,0.231136122215984,-0.429384940794145,-0.166905042448778,-0.617593111444546,-0.0783737875665434,-0.0761956512682028,1.47359396,0.743333333333333,-0.13
"155",2002,"one_YO_summer MNPR 3",-0.303869926023113,0.231136122215984,-0.429384940794145,-0.166905042448778,-0.617593111444546,-0.0783737875665434,-0.0761956512682028,1.47359396,0.743333333333333,-0.13
"156",2002,"one_YO_summer MNPR 3",-0.303869926023113,0.231136122215984,-0.429384940794145,-0.166905042448778,-0.617593111444546,-0.0783737875665434,-0.0761956512682028,1.47359396,0.743333333333333,-0.13
"157",2002,"one_YO_summer PRGC 2",-1.12073824593262,0.231136122215984,-0.429384940794145,-0.166905042448778,-0.617593111444546,-0.0783737875665434,-0.0761956512682028,1.47359396,0.743333333333333,-0.13
"158",2002,"one_YO_summer SAND 8",0.304940008012546,0.231136122215984,-0.429384940794145,-0.166905042448778,-0.617593111444546,-0.0783737875665434,-0.0761956512682028,1.47359396,0.743333333333333,-0.13
"159",2002,"one_YO_summer SAWA 3",-0.359670972766963,0.231136122215984,-0.429384940794145,-0.166905042448778,-0.617593111444546,-0.0783737875665434,-0.0761956512682028,1.47359396,0.743333333333333,-0.13
"160",2002,"one_YO_summer LEWI 3",0.310080682951355,0.231136122215984,-0.429384940794145,-0.166905042448778,-0.617593111444546,-0.0783737875665434,-0.0761956512682028,1.47359396,0.743333333333333,-0.13
"161",2002,"one_YO_summer SAWA 3",-0.359670972766963,0.231136122215984,-0.429384940794145,-0.166905042448778,-0.617593111444546,-0.0783737875665434,-0.0761956512682028,1.47359396,0.743333333333333,-0.13
"162",2003,"one_YO_summer PRGC 2",-0.641220692763132,1.04694803232557,0.459754832859697,0.776368172843441,2.11883647302939,1.1906534763687,1.14557579794655,0.958507189166667,0.0533333333333333,0.65
"163",2003,"one_YO_summer MNPR 3",-0.479468839896047,1.04694803232557,0.459754832859697,0.776368172843441,2.11883647302939,1.1906534763687,1.14557579794655,0.958507189166667,0.0533333333333333,0.65
"164",2003,"one_YO_summer WIND 8",0.415629743765709,1.04694803232557,0.459754832859697,0.776368172843441,2.11883647302939,1.1906534763687,1.14557579794655,0.958507189166667,0.0533333333333333,0.65
"165",2003,"one_YO_summer SAND 8",-0.151419628101993,1.04694803232557,0.459754832859697,0.776368172843441,2.11883647302939,1.1906534763687,1.14557579794655,0.958507189166667,0.0533333333333333,0.65
"166",2003,"one_YO_summer MNPR 3",-0.479468839896047,1.04694803232557,0.459754832859697,0.776368172843441,2.11883647302939,1.1906534763687,1.14557579794655,0.958507189166667,0.0533333333333333,0.65
"167",2003,"one_YO_summer SAWA 3",-0.276227620325799,1.04694803232557,0.459754832859697,0.776368172843441,2.11883647302939,1.1906534763687,1.14557579794655,0.958507189166667,0.0533333333333333,0.65
"168",2003,"one_YO_summer SAND 8",-0.151419628101993,1.04694803232557,0.459754832859697,0.776368172843441,2.11883647302939,1.1906534763687,1.14557579794655,0.958507189166667,0.0533333333333333,0.65
"169",2003,"one_YO_summer LEWI 3",-0.298567352819975,1.04694803232557,0.459754832859697,0.776368172843441,2.11883647302939,1.1906534763687,1.14557579794655,0.958507189166667,0.0533333333333333,0.65
"170",2003,"one_YO_summer SAWA 3",-0.276227620325799,1.04694803232557,0.459754832859697,0.776368172843441,2.11883647302939,1.1906534763687,1.14557579794655,0.958507189166667,0.0533333333333333,0.65
"171",2004,"one_YO_summer SAND 8",-0.306680000314864,1.67643665759551,0.0426888246645873,0.0801655053130415,-0.507581746216537,1.20266319810941,-0.0823394740025727,0.209460249333333,0.57,-0.106666666666667
"172",2004,"one_YO_summer SAND 8",-0.306680000314864,1.67643665759551,0.0426888246645873,0.0801655053130415,-0.507581746216537,1.20266319810941,-0.0823394740025727,0.209460249333333,0.57,-0.106666666666667
"173",2004,"one_YO_summer MNPR 3",-0.454492472171868,1.67643665759551,0.0426888246645873,0.0801655053130415,-0.507581746216537,1.20266319810941,-0.0823394740025727,0.209460249333333,0.57,-0.106666666666667
"174",2004,"one_YO_summer PRGC 2",0.368195234554483,1.67643665759551,0.0426888246645873,0.0801655053130415,-0.507581746216537,1.20266319810941,-0.0823394740025727,0.209460249333333,0.57,-0.106666666666667
"175",2004,"one_YO_summer SAWA 3",-0.916806879067027,1.67643665759551,0.0426888246645873,0.0801655053130415,-0.507581746216537,1.20266319810941,-0.0823394740025727,0.209460249333333,0.57,-0.106666666666667
"176",2004,"one_YO_summer LEWI 3",-1.17548610432976,1.67643665759551,0.0426888246645873,0.0801655053130415,-0.507581746216537,1.20266319810941,-0.0823394740025727,0.209460249333333,0.57,-0.106666666666667
"177",2004,"one_YO_summer MNPR 3",-0.454492472171868,1.67643665759551,0.0426888246645873,0.0801655053130415,-0.507581746216537,1.20266319810941,-0.0823394740025727,0.209460249333333,0.57,-0.106666666666667
"178",2004,"one_YO_summer SAWA 3",-0.916806879067027,1.67643665759551,0.0426888246645873,0.0801655053130415,-0.507581746216537,1.20266319810941,-0.0823394740025727,0.209460249333333,0.57,-0.106666666666667
"179",2005,"one_YO_summer MNPR 3",0.01541620404338,1.45890098300003,0.153145954800748,0.121343929940012,0.678575505485416,0.430037766123601,1.59880216679694,-1.38061641,-0.0266666666666667,0.503333333333333
"180",2005,"one_YO_summer SAWA 3",0.119102879654453,1.45890098300003,0.153145954800748,0.121343929940012,0.678575505485416,0.430037766123601,1.59880216679694,-1.38061641,-0.0266666666666667,0.503333333333333
"181",2005,"one_YO_summer SAND 8",0.234202383066747,1.45890098300003,0.153145954800748,0.121343929940012,0.678575505485416,0.430037766123601,1.59880216679694,-1.38061641,-0.0266666666666667,0.503333333333333
"182",2005,"one_YO_summer SAWA 3",0.119102879654453,1.45890098300003,0.153145954800748,0.121343929940012,0.678575505485416,0.430037766123601,1.59880216679694,-1.38061641,-0.0266666666666667,0.503333333333333
"183",2005,"one_YO_summer SAND 8",0.234202383066747,1.45890098300003,0.153145954800748,0.121343929940012,0.678575505485416,0.430037766123601,1.59880216679694,-1.38061641,-0.0266666666666667,0.503333333333333
"184",2005,"one_YO_summer MNPR 3",0.01541620404338,1.45890098300003,0.153145954800748,0.121343929940012,0.678575505485416,0.430037766123601,1.59880216679694,-1.38061641,-0.0266666666666667,0.503333333333333
"185",2005,"one_YO_summer LEWI 3",-0.181448377014317,1.45890098300003,0.153145954800748,0.121343929940012,0.678575505485416,0.430037766123601,1.59880216679694,-1.38061641,-0.0266666666666667,0.503333333333333
"186",2006,"one_YO_summer SAWA 3",0.849544778431319,0.441725675563844,0.160634203203793,-0.0653954375543873,-0.638565050555055,0.217866015371021,-0.244572503285879,-0.5538727425,0.433333333333333,-0.596666666666667
"187",2006,"one_YO_summer MNPR 3",-0.283368301660153,0.441725675563844,0.160634203203793,-0.0653954375543873,-0.638565050555055,0.217866015371021,-0.244572503285879,-0.5538727425,0.433333333333333,-0.596666666666667
"188",2006,"one_YO_summer SAWA 3",0.849544778431319,0.441725675563844,0.160634203203793,-0.0653954375543873,-0.638565050555055,0.217866015371021,-0.244572503285879,-0.5538727425,0.433333333333333,-0.596666666666667
"189",2006,"one_YO_summer SAND 8",-0.513047474686755,0.441725675563844,0.160634203203793,-0.0653954375543873,-0.638565050555055,0.217866015371021,-0.244572503285879,-0.5538727425,0.433333333333333,-0.596666666666667
"190",2006,"one_YO_summer WIND 8",-0.163916066245886,0.441725675563844,0.160634203203793,-0.0653954375543873,-0.638565050555055,0.217866015371021,-0.244572503285879,-0.5538727425,0.433333333333333,-0.596666666666667
"191",2006,"one_YO_summer PRGC 2",0.222319075112237,0.441725675563844,0.160634203203793,-0.0653954375543873,-0.638565050555055,0.217866015371021,-0.244572503285879,-0.5538727425,0.433333333333333,-0.596666666666667
"192",2006,"one_YO_summer LEWI 3",-0.909159432126054,0.441725675563844,0.160634203203793,-0.0653954375543873,-0.638565050555055,0.217866015371021,-0.244572503285879,-0.5538727425,0.433333333333333,-0.596666666666667
"193",2006,"one_YO_summer SAND 8",-0.513047474686755,0.441725675563844,0.160634203203793,-0.0653954375543873,-0.638565050555055,0.217866015371021,-0.244572503285879,-0.5538727425,0.433333333333333,-0.596666666666667
"194",2006,"one_YO_summer MNPR 3",-0.283368301660153,0.441725675563844,0.160634203203793,-0.0653954375543873,-0.638565050555055,0.217866015371021,-0.244572503285879,-0.5538727425,0.433333333333333,-0.596666666666667
"195",2007,"one_YO_summer SAWA 3",-1.23403287632853,0.36166980256232,-0.356325072666694,-0.469518581567907,0.727386740285668,0.289924345815293,1.49455497740617,0.59326066,-0.933333333333333,0.263333333333333
"196",2007,"one_YO_summer SAND 8",-0.665802282777699,0.36166980256232,-0.356325072666694,-0.469518581567907,0.727386740285668,0.289924345815293,1.49455497740617,0.59326066,-0.933333333333333,0.263333333333333
"197",2007,"one_YO_summer PRGC 2",-0.332635611751228,0.36166980256232,-0.356325072666694,-0.469518581567907,0.727386740285668,0.289924345815293,1.49455497740617,0.59326066,-0.933333333333333,0.263333333333333
"198",2007,"one_YO_summer SAWA 3",-1.23403287632853,0.36166980256232,-0.356325072666694,-0.469518581567907,0.727386740285668,0.289924345815293,1.49455497740617,0.59326066,-0.933333333333333,0.263333333333333
"199",2007,"one_YO_summer MNPR 3",-0.63140646734613,0.36166980256232,-0.356325072666694,-0.469518581567907,0.727386740285668,0.289924345815293,1.49455497740617,0.59326066,-0.933333333333333,0.263333333333333
"200",2007,"one_YO_summer SAND 8",-0.665802282777699,0.36166980256232,-0.356325072666694,-0.469518581567907,0.727386740285668,0.289924345815293,1.49455497740617,0.59326066,-0.933333333333333,0.263333333333333
"201",2007,"one_YO_summer MNPR 3",-0.63140646734613,0.36166980256232,-0.356325072666694,-0.469518581567907,0.727386740285668,0.289924345815293,1.49455497740617,0.59326066,-0.933333333333333,0.263333333333333
"202",2007,"one_YO_summer LEWI 3",-1.38342964847498,0.36166980256232,-0.356325072666694,-0.469518581567907,0.727386740285668,0.289924345815293,1.49455497740617,0.59326066,-0.933333333333333,0.263333333333333
"203",2007,"one_YO_summer WIND 8",-0.137691430515219,0.36166980256232,-0.356325072666694,-0.469518581567907,0.727386740285668,0.289924345815293,1.49455497740617,0.59326066,-0.933333333333333,0.263333333333333
"204",2008,"one_YO_summer SAND 8",-1.27953016699303,-0.517764664251927,-0.623958031816044,-1.57367494423992,-0.66821336467255,-0.37061034992387,0.549284869805161,1.45498640833333,-1.00666666666667,-1.29666666666667
"205",2008,"one_YO_summer SAND 8",-1.27953016699303,-0.517764664251927,-0.623958031816044,-1.57367494423992,-0.66821336467255,-0.37061034992387,0.549284869805161,1.45498640833333,-1.00666666666667,-1.29666666666667
"206",2008,"one_YO_summer SAWA 3",-0.114565835174276,-0.517764664251927,-0.623958031816044,-1.57367494423992,-0.66821336467255,-0.37061034992387,0.549284869805161,1.45498640833333,-1.00666666666667,-1.29666666666667
"207",2008,"one_YO_summer SAWA 3",-0.114565835174276,-0.517764664251927,-0.623958031816044,-1.57367494423992,-0.66821336467255,-0.37061034992387,0.549284869805161,1.45498640833333,-1.00666666666667,-1.29666666666667
"208",2008,"one_YO_summer LEWI 3",1.07851428810852,-0.517764664251927,-0.623958031816044,-1.57367494423992,-0.66821336467255,-0.37061034992387,0.549284869805161,1.45498640833333,-1.00666666666667,-1.29666666666667
"209",2008,"one_YO_summer WIND 8",1.02199761284383,-0.517764664251927,-0.623958031816044,-1.57367494423992,-0.66821336467255,-0.37061034992387,0.549284869805161,1.45498640833333,-1.00666666666667,-1.29666666666667
"210",2009,"one_YO_summer SAWA 3",-1.61448399001556,0.485129521620007,-0.585674311443307,-0.847785505466817,3.19750231065078,-1.51553715587175,-0.120224706173286,0.736277515,0.466666666666667,-0.933333333333333
"211",2009,"one_YO_summer SAWA 3",-1.61448399001556,0.485129521620007,-0.585674311443307,-0.847785505466817,3.19750231065078,-1.51553715587175,-0.120224706173286,0.736277515,0.466666666666667,-0.933333333333333
"212",2009,"one_YO_summer LEWI 3",-0.543864941749036,0.485129521620007,-0.585674311443307,-0.847785505466817,3.19750231065078,-1.51553715587175,-0.120224706173286,0.736277515,0.466666666666667,-0.933333333333333
"213",2009,"one_YO_summer SAND 8",-1.052303958191,0.485129521620007,-0.585674311443307,-0.847785505466817,3.19750231065078,-1.51553715587175,-0.120224706173286,0.736277515,0.466666666666667,-0.933333333333333
"214",2009,"one_YO_summer WIND 8",-1.35460193209414,0.485129521620007,-0.585674311443307,-0.847785505466817,3.19750231065078,-1.51553715587175,-0.120224706173286,0.736277515,0.466666666666667,-0.933333333333333
"215",2009,"one_YO_summer SAND 8",-1.052303958191,0.485129521620007,-0.585674311443307,-0.847785505466817,3.19750231065078,-1.51553715587175,-0.120224706173286,0.736277515,0.466666666666667,-0.933333333333333
"216",2010,"one_YO_summer SAWA 3",-0.257315811773893,-0.628832158021384,0.0169735035677066,-0.881302827837607,-0.668588995250541,1.70306827063908,1.94451666186956,1.3701422925,-2.37,1.17333333333333
"217",2010,"one_YO_summer SAWA 3",-0.257315811773893,-0.628832158021384,0.0169735035677066,-0.881302827837607,-0.668588995250541,1.70306827063908,1.94451666186956,1.3701422925,-2.37,1.17333333333333
"218",2010,"one_YO_summer SAND 8",-0.625055088240548,-0.628832158021384,0.0169735035677066,-0.881302827837607,-0.668588995250541,1.70306827063908,1.94451666186956,1.3701422925,-2.37,1.17333333333333
"219",2010,"one_YO_summer WIND 8",0.152313204317851,-0.628832158021384,0.0169735035677066,-0.881302827837607,-0.668588995250541,1.70306827063908,1.94451666186956,1.3701422925,-2.37,1.17333333333333
"220",2010,"one_YO_summer SAND 8",-0.625055088240548,-0.628832158021384,0.0169735035677066,-0.881302827837607,-0.668588995250541,1.70306827063908,1.94451666186956,1.3701422925,-2.37,1.17333333333333
"221",2010,"one_YO_summer LEWI 3",-0.630141386487801,-0.628832158021384,0.0169735035677066,-0.881302827837607,-0.668588995250541,1.70306827063908,1.94451666186956,1.3701422925,-2.37,1.17333333333333
"222",2011,"one_YO_summer SAND 8",-0.118384838924618,-0.595192488535827,-0.230900381077295,-1.74413446943993,2.08915589616286,-0.178454802072477,-0.0104153854310411,0.857256779166667,-0.966666666666667,-1.75
"223",2011,"one_YO_summer SAWA 3",-0.595114051019331,-0.595192488535827,-0.230900381077295,-1.74413446943993,2.08915589616286,-0.178454802072477,-0.0104153854310411,0.857256779166667,-0.966666666666667,-1.75
"224",2011,"one_YO_summer SAWA 3",-0.595114051019331,-0.595192488535827,-0.230900381077295,-1.74413446943993,2.08915589616286,-0.178454802072477,-0.0104153854310411,0.857256779166667,-0.966666666666667,-1.75
"225",2011,"one_YO_summer SAND 8",-0.118384838924618,-0.595192488535827,-0.230900381077295,-1.74413446943993,2.08915589616286,-0.178454802072477,-0.0104153854310411,0.857256779166667,-0.966666666666667,-1.75
"226",2011,"one_YO_summer WIND 8",-0.874159296751849,-0.595192488535827,-0.230900381077295,-1.74413446943993,2.08915589616286,-0.178454802072477,-0.0104153854310411,0.857256779166667,-0.966666666666667,-1.75
"227",2011,"one_YO_summer LEWI 3",-1.07601783886917,-0.595192488535827,-0.230900381077295,-1.74413446943993,2.08915589616286,-0.178454802072477,-0.0104153854310411,0.857256779166667,-0.966666666666667,-1.75
"228",2012,"one_YO_summer MNPR 3",-0.994380788642659,-1.03623082729869,-0.497541042442979,-1.65411651792981,-0.666096697887977,0.177833609568647,-0.156216298435908,1.47688079083333,-0.0266666666666667,-0.78
"229",2012,"one_YO_summer SAWA 3",-1.0524473795678,-1.03623082729869,-0.497541042442979,-1.65411651792981,-0.666096697887977,0.177833609568647,-0.156216298435908,1.47688079083333,-0.0266666666666667,-0.78
"230",2012,"one_YO_summer SAWA 3",-1.0524473795678,-1.03623082729869,-0.497541042442979,-1.65411651792981,-0.666096697887977,0.177833609568647,-0.156216298435908,1.47688079083333,-0.0266666666666667,-0.78
"231",2012,"one_YO_summer MNPR 3",-0.994380788642659,-1.03623082729869,-0.497541042442979,-1.65411651792981,-0.666096697887977,0.177833609568647,-0.156216298435908,1.47688079083333,-0.0266666666666667,-0.78
"232",2012,"one_YO_summer SAND 8",-1.45296709272055,-1.03623082729869,-0.497541042442979,-1.65411651792981,-0.666096697887977,0.177833609568647,-0.156216298435908,1.47688079083333,-0.0266666666666667,-0.78
"233",2012,"one_YO_summer SAND 8",-1.45296709272055,-1.03623082729869,-0.497541042442979,-1.65411651792981,-0.666096697887977,0.177833609568647,-0.156216298435908,1.47688079083333,-0.0266666666666667,-0.78
"234",2012,"one_YO_summer WIND 8",-1.00702240209178,-1.03623082729869,-0.497541042442979,-1.65411651792981,-0.666096697887977,0.177833609568647,-0.156216298435908,1.47688079083333,-0.0266666666666667,-0.78
"235",2012,"one_YO_summer LEWI 3",-0.652765080676237,-1.03623082729869,-0.497541042442979,-1.65411651792981,-0.666096697887977,0.177833609568647,-0.156216298435908,1.47688079083333,-0.0266666666666667,-0.78
"236",2013,"one_YO_summer SAWA 3",0.0203089681352797,0.909630332957457,-0.415322958258377,-1.0000499128084,2.99090434051433,0.0217072269393905,2.69964127137919,0.343828793333333,-0.576666666666667,-0.0866666666666667
"237",2013,"one_YO_summer SAND 8",-0.608523675615778,0.909630332957457,-0.415322958258377,-1.0000499128084,2.99090434051433,0.0217072269393905,2.69964127137919,0.343828793333333,-0.576666666666667,-0.0866666666666667
"238",2013,"one_YO_summer SAWA 3",0.0203089681352797,0.909630332957457,-0.415322958258377,-1.0000499128084,2.99090434051433,0.0217072269393905,2.69964127137919,0.343828793333333,-0.576666666666667,-0.0866666666666667
"239",2013,"one_YO_summer SAND 8",-0.608523675615778,0.909630332957457,-0.415322958258377,-1.0000499128084,2.99090434051433,0.0217072269393905,2.69964127137919,0.343828793333333,-0.576666666666667,-0.0866666666666667
"240",2013,"one_YO_summer PRGC 2",-1.34244487157166,0.909630332957457,-0.415322958258377,-1.0000499128084,2.99090434051433,0.0217072269393905,2.69964127137919,0.343828793333333,-0.576666666666667,-0.0866666666666667
"241",2013,"one_YO_summer MNPR 3",-1.35810372947635,0.909630332957457,-0.415322958258377,-1.0000499128084,2.99090434051433,0.0217072269393905,2.69964127137919,0.343828793333333,-0.576666666666667,-0.0866666666666667
"242",2013,"one_YO_summer WIND 8",0.182948721545804,0.909630332957457,-0.415322958258377,-1.0000499128084,2.99090434051433,0.0217072269393905,2.69964127137919,0.343828793333333,-0.576666666666667,-0.0866666666666667
"243",2013,"one_YO_summer LEWI 3",-0.291691047711551,0.909630332957457,-0.415322958258377,-1.0000499128084,2.99090434051433,0.0217072269393905,2.69964127137919,0.343828793333333,-0.576666666666667,-0.0866666666666667
"244",2013,"one_YO_summer MNPR 3",-1.35810372947635,0.909630332957457,-0.415322958258377,-1.0000499128084,2.99090434051433,0.0217072269393905,2.69964127137919,0.343828793333333,-0.576666666666667,-0.0866666666666667
"245",2014,"one_YO_summer LEWI 3",-1.37264863846703,2.24362934748838,0.393420674746064,0.972683918158066,-0.668563645947732,-0.15843859917129,0.785994125338029,-0.249174041666667,0.11,-0.34
"246",2014,"one_YO_summer PRGC 2",0.026762449829122,2.24362934748838,0.393420674746064,0.972683918158066,-0.668563645947732,-0.15843859917129,0.785994125338029,-0.249174041666667,0.11,-0.34
"247",2014,"one_YO_summer SAWA 3",-0.674241441753115,2.24362934748838,0.393420674746064,0.972683918158066,-0.668563645947732,-0.15843859917129,0.785994125338029,-0.249174041666667,0.11,-0.34
"248",2014,"one_YO_summer WIND 8",-1.3626447268484,2.24362934748838,0.393420674746064,0.972683918158066,-0.668563645947732,-0.15843859917129,0.785994125338029,-0.249174041666667,0.11,-0.34
"249",2014,"one_YO_summer SAND 8",-1.01133761566572,2.24362934748838,0.393420674746064,0.972683918158066,-0.668563645947732,-0.15843859917129,0.785994125338029,-0.249174041666667,0.11,-0.34
"250",2014,"one_YO_summer SAWA 3",-0.674241441753115,2.24362934748838,0.393420674746064,0.972683918158066,-0.668563645947732,-0.15843859917129,0.785994125338029,-0.249174041666667,0.11,-0.34
"251",2014,"one_YO_summer MNPR 3",-0.489698621500831,2.24362934748838,0.393420674746064,0.972683918158066,-0.668563645947732,-0.15843859917129,0.785994125338029,-0.249174041666667,0.11,-0.34
"252",2014,"one_YO_summer SAND 8",-1.01133761566572,2.24362934748838,0.393420674746064,0.972683918158066,-0.668563645947732,-0.15843859917129,0.785994125338029,-0.249174041666667,0.11,-0.34
"253",2014,"one_YO_summer MNPR 3",-0.489698621500831,2.24362934748838,0.393420674746064,0.972683918158066,-0.668563645947732,-0.15843859917129,0.785994125338029,-0.249174041666667,0.11,-0.34
"254",2015,"one_YO_summer SAND 8",-1.25240194635301,2.7880837881646,1.36566235895815,1.38925635333788,1.70108226721498,0.205856293630309,2.19280771492713,-1.394540915,1.95333333333333,0.136666666666667
"255",2015,"one_YO_summer LEWI 3",-0.828348779518963,2.7880837881646,1.36566235895815,1.38925635333788,1.70108226721498,0.205856293630309,2.19280771492713,-1.394540915,1.95333333333333,0.136666666666667
"256",2015,"one_YO_summer WIND 8",-1.16516322534026,2.7880837881646,1.36566235895815,1.38925635333788,1.70108226721498,0.205856293630309,2.19280771492713,-1.394540915,1.95333333333333,0.136666666666667
"257",2015,"one_YO_summer PRGC 2",-1.1050922019249,2.7880837881646,1.36566235895815,1.38925635333788,1.70108226721498,0.205856293630309,2.19280771492713,-1.394540915,1.95333333333333,0.136666666666667
"258",2015,"one_YO_summer SAND 8",-1.25240194635301,2.7880837881646,1.36566235895815,1.38925635333788,1.70108226721498,0.205856293630309,2.19280771492713,-1.394540915,1.95333333333333,0.136666666666667
"259",2015,"one_YO_summer SAWA 3",-1.16431699511058,2.7880837881646,1.36566235895815,1.38925635333788,1.70108226721498,0.205856293630309,2.19280771492713,-1.394540915,1.95333333333333,0.136666666666667
"260",2015,"one_YO_summer SAWA 3",-1.16431699511058,2.7880837881646,1.36566235895815,1.38925635333788,1.70108226721498,0.205856293630309,2.19280771492713,-1.394540915,1.95333333333333,0.136666666666667
"261",2015,"one_YO_summer MNPR 3",-1.43721336634163,2.7880837881646,1.36566235895815,1.38925635333788,1.70108226721498,0.205856293630309,2.19280771492713,-1.394540915,1.95333333333333,0.136666666666667
"262",2015,"one_YO_summer MNPR 3",-1.43721336634163,2.7880837881646,1.36566235895815,1.38925635333788,1.70108226721498,0.205856293630309,2.19280771492713,-1.394540915,1.95333333333333,0.136666666666667
